attachId:int,map:int,dlc:int,rate:float,gridXNo:int,gridZNo:int,posX:float,posZ:float,height:float
108,0,0,1.0,44,36,45.0,98.0,87.0
125,0,0,1.0,44,36,45.0,98.0,87.0
126,0,0,1.0,44,36,45.0,98.0,87.0
110,0,0,1.0,44,38,2.0,-13.0,85.0
103,0,0,1.0,42,39,-30.0,-45.0,192.0
107,0,0,1.0,43,39,-24.0,111.0,198.0
112,0,0,1.0,44,39,73.0,-64.0,110.0
127,0,0,1.0,44,39,73.0,-64.0,110.0
120,0,0,1.0,42,38,53.0,-44.0,143.0
123,0,0,1.0,42,38,53.0,-44.0,143.0
124,0,0,1.0,42,38,53.0,-44.0,143.0
116,0,0,1.0,45,38,39.0,-9.0,35.0
121,0,0,1.0,42,37,45.0,-107.0,98.0
101,0,0,1.0,42,37,45.0,-107.0,98.0
129,0,0,1.0,44,38,126.0,-70.0,32.0
111,0,0,1.0,44,38,126.0,-70.0,32.0
106,0,0,1.0,43,39,0.0,-77.0,176.0
104,0,0,1.0,43,36,-29.0,-49.0,65.0
308,0,0,1.0,44,37,-52.0,-76.0,87.0
358,0,0,1.0,44,37,-52.0,-76.0,87.0
352,0,0,1.0,42,38,-48.0,98.46,192.0
302,0,0,1.0,42,38,-48.0,98.46,192.0
313,0,0,1.0,45,38,44.0,97.0,12.0
300,0,0,1.0,42,36,-74.0,62.0,92.0
350,0,0,1.0,42,36,-74.0,62.0,92.0
312,0,0,1.0,45,37,86.0,4.0,24.0
362,0,0,1.0,45,37,86.0,4.0,24.0
305,0,0,1.0,43,36,57.0,85.0,64.0
314,0,0,1.0,45,38,-86.0,81.0,58.0
364,0,0,1.0,45,38,-86.0,81.0,58.0
301,0,0,1.0,42,37,-66.0,44.0,159.0
351,0,0,1.0,42,37,-66.0,44.0,159.0
756,0,0,2.0,43,37,37.57,62.69,125.31
757,0,0,2.0,43,37,37.57,62.69,125.31
761,0,0,1.0,44,39,79.16,50.83,124.65
763,0,0,1.0,45,37,22.18,117.69,18.69
755,0,0,1.0,43,36,25.03,54.58,64.82
758,0,0,1.0,43,39,-124.81,19.15,219.86
754,0,0,1.0,42,39,69.86,90.74,209.89
760,0,0,1.0,44,38,-49.54,55.63,94.77
762,0,0,1.0,45,36,-102.93,-46.38,35.32
750,0,0,1.0,42,36,93.28,-111.43,75.15
759,0,0,1.0,43,39,84.86,-167.25,106.27
753,0,0,1.0,42,38,94.25,65.8,184.18
620,0,0,0.05,42,37,-22.38,-37.82,106.2
633,0,0,0.05,43,38,100.74,13.1,99.04
655,0,0,0.05,45,37,92.67,44.27,25.33
628,0,0,0.05,43,36,113.45,57.68,64.81
637,0,0,0.05,43,39,-127.64,-127.74,189.3
660,0,0,0.05,45,39,-89.46,-21.93,106.3
658,0,0,0.05,45,38,112.6,48.65,14.06
651,0,0,0.05,45,36,90.27,113.0,31.64
659,0,0,0.05,45,38,-40.69,-74.63,27.37
644,0,0,0.05,44,37,87.25,103.81,32.84
645,0,0,0.05,44,38,-101.01,-15.03,64.81
662,0,0,0.05,45,39,-104.67,107.68,118.05
616,0,0,0.05,42,36,-42.39,68.68,92.36
617,0,0,0.05,42,36,62.49,-106.94,77.46
643,0,0,0.05,44,37,12.25,39.28,54.97
653,0,0,0.05,45,36,-113.75,0.7,31.4
654,0,0,0.05,45,37,-82.28,-49.75,21.47
621,0,0,0.05,42,38,-68.29,-61.24,175.87
627,0,0,0.05,43,36,0.74,29.3,64.77
646,0,0,0.05,44,38,-58.99,-109.43,81.97
632,0,0,0.05,43,37,-88.09,104.64,100.38
641,0,0,0.05,44,36,-46.97,-120.19,77.78
661,0,0,0.05,45,39,1.06,-42.01,90.2
622,0,0,0.05,42,38,-84.22,115.12,197.85
650,0,0,0.05,44,39,30.98,81.92,140.97
619,0,0,0.05,42,37,21.34,46.81,106.29
648,0,0,0.05,44,39,-85.49,-98.42,141.04
647,0,0,0.05,44,38,13.31,107.03,121.12
618,0,0,0.05,42,37,-107.05,108.15,168.32
634,0,0,0.05,43,38,54.99,-94.64,97.33
638,0,0,0.05,43,39,86.78,3.42,100.98
652,0,0,0.05,45,36,-2.33,-68.37,1.09
623,0,0,0.05,42,38,34.33,36.93,151.63
630,0,0,0.05,43,37,119.14,-94.37,89.27
640,0,0,0.05,44,36,-57.72,88.02,85.86
642,0,0,0.05,44,37,-82.64,-14.15,80.52
639,0,0,0.05,44,36,15.38,3.6,97.96
656,0,0,0.05,45,37,51.3,90.3,19.18
631,0,0,0.05,43,37,-70.46,-11.13,85.05
625,0,0,0.05,42,39,57.26,16.37,206.91
657,0,0,0.05,45,38,-45.8,99.06,60.28
649,0,0,0.05,44,39,85.68,19.94,115.62
635,0,0,0.05,43,38,-82.2,88.58,189.85
624,0,0,0.05,42,39,38.17,59.14,206.62
629,0,0,0.05,43,36,59.18,-109.54,66.28
626,0,0,0.05,42,39,81.27,-92.36,189.24
615,0,0,0.05,42,36,111.35,-13.79,64.99
636,0,0,0.05,43,39,-110.69,109.7,219.68
602,0,0,1.0,43,37,-107.35,-74.35,64.06
604,0,0,1.0,43,39,99.79,82.09,101.23
606,0,0,1.0,44,38,73.22,82.15,84.52
601,0,0,1.0,42,39,-125.4,-102.97,222.28
605,0,0,1.0,44,36,57.3,-26.55,90.31
607,0,0,1.0,45,38,61.87,-109.62,17.62
603,0,0,1.0,43,38,44.37,53.18,137.33
117,0,0,1.0,45,39,-56.0,54.0,95.0
109,0,0,1.0,44,37,75.0,-9.0,30.0
113,0,0,1.0,45,36,-5.0,20.0,16.0
122,0,0,1.0,42,37,108.0,50.0,89.0
100,0,0,1.0,42,37,108.0,50.0,89.0
128,0,0,1.0,45,37,4.0,-68.0,22.0
114,0,0,1.0,45,37,4.0,-68.0,22.0
306,0,0,1.0,43,38,-86.0,32.0,188.0
356,0,0,1.0,43,38,-86.0,32.0,188.0
360,0,0,1.0,44,39,-72.0,44.0,153.0
310,0,0,1.0,44,39,-72.0,44.0,153.0
307,0,0,1.0,44,36,-22.0,-72.0,79.0
357,0,0,1.0,44,36,-22.0,-72.0,79.0
712,0,0,0.025,43,37,-50.23,-111.54,77.28
713,0,0,0.0125,43,38,-8.95,-23.48,124.89
590,0,0,0.1375,45,37,-90.47,96.33,20.61
570,0,0,0.1375,45,37,-90.47,96.33,20.61
530,0,0,0.1375,45,37,-90.47,96.33,20.61
550,0,0,0.1375,45,37,-90.47,96.33,20.61
587,0,0,0.2375,44,39,-34.0,-22.0,136.97
547,0,0,0.2375,44,39,-34.0,-22.0,136.97
527,0,0,0.2375,44,39,-34.0,-22.0,136.97
567,0,0,0.2375,44,39,-34.0,-22.0,136.97
523,0,0,0.14375,43,36,-75.0,88.0,64.81
563,0,0,0.14375,43,36,-75.0,88.0,64.81
583,0,0,0.14375,43,36,-75.0,88.0,64.81
543,0,0,0.14375,43,36,-75.0,88.0,64.81
561,0,0,0.16875,42,38,-54.0,21.0,191.93
581,0,0,0.16875,42,38,-54.0,21.0,191.93
541,0,0,0.16875,42,38,-54.0,21.0,191.93
521,0,0,0.16875,42,38,-54.0,21.0,191.93
544,0,0,0.13125,43,37,17.0,-58.0,86.31
584,0,0,0.13125,43,37,17.0,-58.0,86.31
564,0,0,0.13125,43,37,17.0,-58.0,86.31
524,0,0,0.13125,43,37,17.0,-58.0,86.31
568,0,0,0.2375,45,39,64.0,41.0,103.7
528,0,0,0.2375,45,39,64.0,41.0,103.7
548,0,0,0.2375,45,39,64.0,41.0,103.7
588,0,0,0.2375,45,39,64.0,41.0,103.7
576,0,0,0.16875,44,37,-53.0,64.0,69.24
546,0,0,0.16875,44,37,-53.0,64.0,69.24
586,0,0,0.16875,44,37,-53.0,64.0,69.24
555,0,0,0.16875,44,37,-53.0,64.0,69.24
526,0,0,0.16875,44,37,-53.0,64.0,69.24
595,0,0,0.16875,44,37,-53.0,64.0,69.24
566,0,0,0.16875,44,37,-53.0,64.0,69.24
535,0,0,0.16875,44,37,-53.0,64.0,69.24
569,0,0,0.20625,45,36,-86.0,89.0,28.0
589,0,0,0.20625,45,36,-86.0,89.0,28.0
549,0,0,0.20625,45,36,-86.0,89.0,28.0
529,0,0,0.20625,45,36,-86.0,89.0,28.0
582,0,0,0.15,43,36,88.0,-29.0,64.81
562,0,0,0.15,43,36,88.0,-29.0,64.81
522,0,0,0.15,43,36,88.0,-29.0,64.81
542,0,0,0.15,43,36,88.0,-29.0,64.81
585,0,0,0.14375,43,38,-84.0,-62.0,131.22
545,0,0,0.14375,43,38,-84.0,-62.0,131.22
525,0,0,0.14375,43,38,-84.0,-62.0,131.22
565,0,0,0.14375,43,38,-84.0,-62.0,131.22
560,0,0,0.175,42,36,26.0,-4.0,79.0
520,0,0,0.175,42,36,26.0,-4.0,79.0
540,0,0,0.175,42,36,26.0,-4.0,79.0
580,0,0,0.175,42,36,26.0,-4.0,79.0
718,0,0,0.025,45,39,44.29,-22.02,91.86
716,0,0,0.0125,44,37,-100.08,-3.66,82.22
710,0,0,0.025,42,36,56.59,71.43,95.08
717,0,0,0.00625,44,39,-120.0,32.97,-159.08
715,0,0,0.01875,44,36,-65.83,-26.8,70.65
711,0,0,0.03125,42,39,49.95,-44.26,205.12
2120,0,1,1.0,42,38,53.0,-44.0,143.0
2123,0,1,1.0,42,38,53.0,-44.0,143.0
2124,0,1,1.0,42,38,53.0,-44.0,143.0
2103,0,1,1.0,42,39,-30.0,-45.0,192.0
2104,0,1,1.0,43,36,-29.0,-49.0,65.0
2116,0,1,1.0,45,38,39.0,-9.0,35.0
2122,0,1,1.0,42,37,108.0,50.0,89.0
2100,0,1,1.0,42,37,108.0,50.0,89.0
2117,0,1,1.0,45,39,-56.0,54.0,95.0
2107,0,1,1.0,43,39,-24.0,111.0,198.0
2121,0,1,1.0,42,37,45.0,-107.0,98.0
2101,0,1,1.0,42,37,45.0,-107.0,98.0
2113,0,1,1.0,45,36,-5.0,20.0,16.0
2106,0,1,1.0,43,39,0.0,-77.0,176.0
2110,0,1,1.0,44,38,2.0,-13.0,85.0
2112,0,1,1.0,44,39,73.0,-64.0,110.0
2127,0,1,1.0,44,39,73.0,-64.0,110.0
2108,0,1,1.0,44,36,45.0,98.0,87.0
2125,0,1,1.0,44,36,45.0,98.0,87.0
2126,0,1,1.0,44,36,45.0,98.0,87.0
2306,0,1,1.0,43,38,-86.0,32.0,188.0
2356,0,1,1.0,43,38,-86.0,32.0,188.0
2301,0,1,1.0,42,37,-66.0,44.0,159.0
2351,0,1,1.0,42,37,-66.0,44.0,159.0
2314,0,1,1.0,45,38,-86.0,81.0,58.0
2364,0,1,1.0,45,38,-86.0,81.0,58.0
2360,0,1,1.0,44,39,-72.0,44.0,153.0
2310,0,1,1.0,44,39,-72.0,44.0,153.0
2313,0,1,1.0,45,38,44.0,97.0,12.0
2300,0,1,1.0,42,36,-74.0,62.0,92.0
2350,0,1,1.0,42,36,-74.0,62.0,92.0
2352,0,1,1.0,42,38,-48.0,98.46,192.0
2302,0,1,1.0,42,38,-48.0,98.46,192.0
2305,0,1,1.0,43,36,57.0,85.0,64.0
2756,0,1,2.0,43,37,37.57,62.69,125.31
2757,0,1,2.0,43,37,37.57,62.69,125.31
2760,0,1,1.0,44,38,-49.54,55.63,94.77
2763,0,1,1.0,45,37,22.18,117.69,18.69
2753,0,1,1.0,42,38,94.25,65.8,184.18
2755,0,1,1.0,43,36,25.03,54.58,64.82
2761,0,1,1.0,44,39,79.16,50.83,124.65
2759,0,1,1.0,43,39,84.86,-167.25,106.27
2750,0,1,1.0,42,36,93.28,-111.43,75.15
2754,0,1,1.0,42,39,69.86,90.74,209.89
2762,0,1,1.0,45,36,-102.93,-46.38,35.32
2758,0,1,1.0,43,39,-124.81,19.15,219.86
2544,0,1,0.3625,43,37,17.0,-58.0,86.31
2584,0,1,0.3625,43,37,17.0,-58.0,86.31
2524,0,1,0.3625,43,37,17.0,-58.0,86.31
2564,0,1,0.3625,43,37,17.0,-58.0,86.31
2550,0,1,0.3625,45,37,-90.47,96.33,20.61
2530,0,1,0.3625,45,37,-90.47,96.33,20.61
2570,0,1,0.3625,45,37,-90.47,96.33,20.61
2590,0,1,0.3625,45,37,-90.47,96.33,20.61
2587,0,1,0.3875,44,39,-34.0,-22.0,136.97
2567,0,1,0.3875,44,39,-34.0,-22.0,136.97
2547,0,1,0.3875,44,39,-34.0,-22.0,136.97
2527,0,1,0.3875,44,39,-34.0,-22.0,136.97
2528,0,1,0.3875,45,39,64.0,41.0,103.7
2568,0,1,0.3875,45,39,64.0,41.0,103.7
2588,0,1,0.3875,45,39,64.0,41.0,103.7
2548,0,1,0.3875,45,39,64.0,41.0,103.7
2541,0,1,0.3875,42,38,-54.0,21.0,191.93
2521,0,1,0.3875,42,38,-54.0,21.0,191.93
2581,0,1,0.3875,42,38,-54.0,21.0,191.93
2561,0,1,0.3875,42,38,-54.0,21.0,191.93
2563,0,1,0.2625,43,36,-75.0,88.0,64.81
2543,0,1,0.2625,43,36,-75.0,88.0,64.81
2523,0,1,0.2625,43,36,-75.0,88.0,64.81
2583,0,1,0.2625,43,36,-75.0,88.0,64.81
2585,0,1,0.3875,43,38,-84.0,-62.0,131.22
2565,0,1,0.3875,43,38,-84.0,-62.0,131.22
2545,0,1,0.3875,43,38,-84.0,-62.0,131.22
2525,0,1,0.3875,43,38,-84.0,-62.0,131.22
2549,0,1,0.3875,45,36,-86.0,89.0,28.0
2529,0,1,0.3875,45,36,-86.0,89.0,28.0
2589,0,1,0.3875,45,36,-86.0,89.0,28.0
2569,0,1,0.3875,45,36,-86.0,89.0,28.0
2603,0,1,1.0,43,38,44.37,53.18,137.33
2605,0,1,1.0,44,36,57.3,-26.55,90.31
2604,0,1,1.0,43,39,99.79,82.09,101.23
2606,0,1,1.0,44,38,73.22,82.15,84.52
2601,0,1,1.0,42,39,-125.4,-102.97,222.28
2607,0,1,1.0,45,38,61.87,-109.62,17.62
2602,0,1,1.0,43,37,-107.35,-74.35,64.06
2712,0,1,0.05,43,37,-50.23,-111.54,77.28
2129,0,1,1.0,44,38,126.0,-70.0,32.0
2111,0,1,1.0,44,38,126.0,-70.0,32.0
2109,0,1,1.0,44,37,75.0,-9.0,30.0
2128,0,1,1.0,45,37,4.0,-68.0,22.0
2114,0,1,1.0,45,37,4.0,-68.0,22.0
2307,0,1,1.0,44,36,-22.0,-72.0,79.0
2357,0,1,1.0,44,36,-22.0,-72.0,79.0
2308,0,1,1.0,44,37,-52.0,-76.0,87.0
2358,0,1,1.0,44,37,-52.0,-76.0,87.0
2312,0,1,1.0,45,37,86.0,4.0,24.0
2362,0,1,1.0,45,37,86.0,4.0,24.0
2535,0,1,0.2625,44,37,-53.0,64.0,69.24
2546,0,1,0.2625,44,37,-53.0,64.0,69.24
2586,0,1,0.2625,44,37,-53.0,64.0,69.24
2555,0,1,0.2625,44,37,-53.0,64.0,69.24
2526,0,1,0.2625,44,37,-53.0,64.0,69.24
2520,0,1,0.2875,42,36,26.0,-4.0,79.0
2580,0,1,0.2875,42,36,26.0,-4.0,79.0
2540,0,1,0.2875,42,36,26.0,-4.0,79.0
2714,0,1,0.0625,44,36,103.03,-6.62,82.1
2711,0,1,0.0375,42,39,49.95,-44.26,205.12
2542,0,1,0.3,43,36,88.0,-29.0,64.81
2522,0,1,0.3,43,36,88.0,-29.0,64.81
2562,0,1,0.3,43,36,88.0,-29.0,64.81
2582,0,1,0.3,43,36,88.0,-29.0,64.81
2713,0,1,0.0625,43,38,-8.95,-23.48,124.89
2718,0,1,0.0125,45,39,44.29,-22.02,91.86
2717,0,1,0.025,44,39,-120.0,32.97,-159.08
2716,0,1,0.025,44,37,-100.08,-3.66,82.22
2715,0,1,0.025,44,36,-65.83,-26.8,70.65
2710,0,1,0.025,42,36,56.59,71.43,95.08
129,1,0,1.0,44,38,126.0,-70.0,32.0
111,1,0,1.0,44,38,126.0,-70.0,32.0
104,1,0,1.0,43,36,-29.0,-49.0,65.0
109,1,0,1.0,44,37,75.0,-9.0,30.0
122,1,0,1.0,42,37,108.0,50.0,89.0
100,1,0,1.0,42,37,108.0,50.0,89.0
128,1,0,1.0,45,37,4.0,-68.0,22.0
114,1,0,1.0,45,37,4.0,-68.0,22.0
108,1,0,1.0,44,36,45.0,98.0,87.0
125,1,0,1.0,44,36,45.0,98.0,87.0
126,1,0,1.0,44,36,45.0,98.0,87.0
112,1,0,1.0,44,39,73.0,-64.0,110.0
127,1,0,1.0,44,39,73.0,-64.0,110.0
121,1,0,1.0,42,37,45.0,-107.0,98.0
101,1,0,1.0,42,37,45.0,-107.0,98.0
113,1,0,1.0,45,36,-5.0,20.0,16.0
117,1,0,1.0,45,39,-56.0,54.0,95.0
314,1,0,1.0,45,38,-86.0,81.0,58.0
364,1,0,1.0,45,38,-86.0,81.0,58.0
307,1,0,1.0,44,36,-22.0,-72.0,79.0
357,1,0,1.0,44,36,-22.0,-72.0,79.0
312,1,0,1.0,45,37,86.0,4.0,24.0
362,1,0,1.0,45,37,86.0,4.0,24.0
301,1,0,0.975,42,37,-66.0,44.0,159.0
351,1,0,0.975,42,37,-66.0,44.0,159.0
305,1,0,1.0,43,36,57.0,85.0,64.0
360,1,0,1.0,44,39,-72.0,44.0,153.0
310,1,0,1.0,44,39,-72.0,44.0,153.0
308,1,0,1.0,44,37,-52.0,-76.0,87.0
358,1,0,1.0,44,37,-52.0,-76.0,87.0
756,1,0,2.0,43,37,37.57,62.69,125.31
757,1,0,2.0,43,37,37.57,62.69,125.31
762,1,0,1.0,45,36,-102.93,-46.38,35.32
761,1,0,1.0,44,39,79.16,50.83,124.65
755,1,0,1.0,43,36,25.03,54.58,64.82
760,1,0,1.0,44,38,-49.54,55.63,94.77
763,1,0,1.0,45,37,22.18,117.69,18.69
750,1,0,1.0,42,36,93.28,-111.43,75.15
652,1,0,0.025,45,36,-2.33,-68.37,1.09
642,1,0,0.05,44,37,-82.64,-14.15,80.52
617,1,0,0.05,42,36,62.49,-106.94,77.46
662,1,0,0.05,45,39,-104.67,107.68,118.05
640,1,0,0.05,44,36,-57.72,88.02,85.86
648,1,0,0.05,44,39,-85.49,-98.42,141.04
628,1,0,0.05,43,36,113.45,57.68,64.81
659,1,0,0.05,45,38,-40.69,-74.63,27.37
647,1,0,0.025,44,38,13.31,107.03,121.12
655,1,0,0.05,45,37,92.67,44.27,25.33
641,1,0,0.05,44,36,-46.97,-120.19,77.78
627,1,0,0.025,43,36,0.74,29.3,64.77
618,1,0,0.05,42,37,-107.05,108.15,168.32
615,1,0,0.025,42,36,111.35,-13.79,64.99
656,1,0,0.05,45,37,51.3,90.3,19.18
645,1,0,0.05,44,38,-101.01,-15.03,64.81
644,1,0,0.05,44,37,87.25,103.81,32.84
654,1,0,0.05,45,37,-82.28,-49.75,21.47
646,1,0,0.05,44,38,-58.99,-109.43,81.97
632,1,0,0.05,43,37,-88.09,104.64,100.38
631,1,0,0.05,43,37,-70.46,-11.13,85.05
629,1,0,0.05,43,36,59.18,-109.54,66.28
649,1,0,0.05,44,39,85.68,19.94,115.62
643,1,0,0.05,44,37,12.25,39.28,54.97
639,1,0,0.05,44,36,15.38,3.6,97.96
660,1,0,0.05,45,39,-89.46,-21.93,106.3
651,1,0,0.05,45,36,90.27,113.0,31.64
630,1,0,0.05,43,37,119.14,-94.37,89.27
653,1,0,0.05,45,36,-113.75,0.7,31.4
620,1,0,0.05,42,37,-22.38,-37.82,106.2
650,1,0,0.05,44,39,30.98,81.92,140.97
661,1,0,0.05,45,39,1.06,-42.01,90.2
606,1,0,1.0,44,38,73.22,82.15,84.52
607,1,0,1.0,45,38,61.87,-109.62,17.62
605,1,0,1.0,44,36,57.3,-26.55,90.31
602,1,0,1.0,43,37,-107.35,-74.35,64.06
718,1,0,0.025,45,39,44.29,-22.02,91.86
116,1,0,1.0,45,38,39.0,-9.0,35.0
110,1,0,1.0,44,38,2.0,-13.0,85.0
300,1,0,1.0,42,36,-74.0,62.0,92.0
350,1,0,1.0,42,36,-74.0,62.0,92.0
313,1,0,1.0,45,38,44.0,97.0,12.0
715,1,0,0.05,44,36,-65.83,-26.8,70.65
712,1,0,0.075,43,37,-50.23,-111.54,77.28
568,1,0,0.25,45,39,64.0,41.0,103.7
528,1,0,0.25,45,39,64.0,41.0,103.7
548,1,0,0.25,45,39,64.0,41.0,103.7
588,1,0,0.25,45,39,64.0,41.0,103.7
590,1,0,0.15,45,37,-90.47,96.33,20.61
570,1,0,0.15,45,37,-90.47,96.33,20.61
530,1,0,0.15,45,37,-90.47,96.33,20.61
550,1,0,0.15,45,37,-90.47,96.33,20.61
587,1,0,0.25,44,39,-34.0,-22.0,136.97
547,1,0,0.25,44,39,-34.0,-22.0,136.97
527,1,0,0.25,44,39,-34.0,-22.0,136.97
567,1,0,0.25,44,39,-34.0,-22.0,136.97
593,1,0,0.2,43,38,-26.54,35.82,177.21
553,1,0,0.2,43,38,-26.54,35.82,177.21
533,1,0,0.2,43,38,-26.54,35.82,177.21
573,1,0,0.2,43,38,-26.54,35.82,177.21
560,1,0,0.2,42,36,26.0,-4.0,79.0
520,1,0,0.2,42,36,26.0,-4.0,79.0
540,1,0,0.2,42,36,26.0,-4.0,79.0
580,1,0,0.2,42,36,26.0,-4.0,79.0
582,1,0,0.225,43,36,88.0,-29.0,64.81
562,1,0,0.225,43,36,88.0,-29.0,64.81
522,1,0,0.225,43,36,88.0,-29.0,64.81
542,1,0,0.225,43,36,88.0,-29.0,64.81
576,1,0,0.15,44,37,-53.0,64.0,69.24
546,1,0,0.15,44,37,-53.0,64.0,69.24
586,1,0,0.15,44,37,-53.0,64.0,69.24
555,1,0,0.15,44,37,-53.0,64.0,69.24
526,1,0,0.15,44,37,-53.0,64.0,69.24
595,1,0,0.15,44,37,-53.0,64.0,69.24
566,1,0,0.15,44,37,-53.0,64.0,69.24
535,1,0,0.15,44,37,-53.0,64.0,69.24
569,1,0,0.225,45,36,-86.0,89.0,28.0
589,1,0,0.225,45,36,-86.0,89.0,28.0
549,1,0,0.225,45,36,-86.0,89.0,28.0
529,1,0,0.225,45,36,-86.0,89.0,28.0
544,1,0,0.15,43,37,17.0,-58.0,86.31
584,1,0,0.15,43,37,17.0,-58.0,86.31
564,1,0,0.15,43,37,17.0,-58.0,86.31
524,1,0,0.15,43,37,17.0,-58.0,86.31
523,1,0,0.2,43,36,-75.0,88.0,64.81
563,1,0,0.2,43,36,-75.0,88.0,64.81
583,1,0,0.2,43,36,-75.0,88.0,64.81
543,1,0,0.2,43,36,-75.0,88.0,64.81
710,1,0,0.025,42,36,56.59,71.43,95.08
619,1,0,0.025,42,37,21.34,46.81,106.29
658,1,0,0.025,45,38,112.6,48.65,14.06
616,1,0,0.025,42,36,-42.39,68.68,92.36
657,1,0,0.025,45,38,-45.8,99.06,60.28
717,1,0,0.05,44,39,-120.0,32.97,-159.08
716,1,0,0.025,44,37,-100.08,-3.66,82.22
2121,1,1,1.0,42,37,45.0,-107.0,98.0
2101,1,1,1.0,42,37,45.0,-107.0,98.0
2117,1,1,1.0,45,39,-56.0,54.0,95.0
2108,1,1,1.0,44,36,45.0,98.0,87.0
2125,1,1,1.0,44,36,45.0,98.0,87.0
2126,1,1,1.0,44,36,45.0,98.0,87.0
2109,1,1,1.0,44,37,75.0,-9.0,30.0
2104,1,1,1.0,43,36,-29.0,-49.0,65.0
2116,1,1,1.0,45,38,39.0,-9.0,35.0
2129,1,1,1.0,44,38,126.0,-70.0,32.0
2111,1,1,1.0,44,38,126.0,-70.0,32.0
2110,1,1,1.0,44,38,2.0,-13.0,85.0
2122,1,1,1.0,42,37,108.0,50.0,89.0
2100,1,1,1.0,42,37,108.0,50.0,89.0
2113,1,1,1.0,45,36,-5.0,20.0,16.0
2300,1,1,1.0,42,36,-74.0,62.0,92.0
2350,1,1,1.0,42,36,-74.0,62.0,92.0
2312,1,1,1.0,45,37,86.0,4.0,24.0
2362,1,1,1.0,45,37,86.0,4.0,24.0
2305,1,1,1.0,43,36,57.0,85.0,64.0
2308,1,1,1.0,44,37,-52.0,-76.0,87.0
2358,1,1,1.0,44,37,-52.0,-76.0,87.0
2360,1,1,1.0,44,39,-72.0,44.0,153.0
2310,1,1,1.0,44,39,-72.0,44.0,153.0
2313,1,1,1.0,45,38,44.0,97.0,12.0
2301,1,1,1.0,42,37,-66.0,44.0,159.0
2351,1,1,1.0,42,37,-66.0,44.0,159.0
2756,1,1,2.0,43,37,37.57,62.69,125.31
2757,1,1,2.0,43,37,37.57,62.69,125.31
2763,1,1,1.0,45,37,22.18,117.69,18.69
2761,1,1,1.0,44,39,79.16,50.83,124.65
2750,1,1,1.0,42,36,93.28,-111.43,75.15
2755,1,1,1.0,43,36,25.03,54.58,64.82
2762,1,1,1.0,45,36,-102.93,-46.38,35.32
2760,1,1,1.0,44,38,-49.54,55.63,94.77
2643,1,1,0.1,44,37,12.25,39.28,54.97
2630,1,1,0.1,43,37,119.14,-94.37,89.27
2658,1,1,0.1,45,38,112.6,48.65,14.06
2649,1,1,0.1,44,39,85.68,19.94,115.62
2629,1,1,0.1,43,36,59.18,-109.54,66.28
2616,1,1,0.1,42,36,-42.39,68.68,92.36
2651,1,1,0.1,45,36,90.27,113.0,31.64
2620,1,1,0.1,42,37,-22.38,-37.82,106.2
2653,1,1,0.1,45,36,-113.75,0.7,31.4
2661,1,1,0.1,45,39,1.06,-42.01,90.2
2656,1,1,0.1,45,37,51.3,90.3,19.18
2640,1,1,0.1,44,36,-57.72,88.02,85.86
2650,1,1,0.1,44,39,30.98,81.92,140.97
2645,1,1,0.1,44,38,-101.01,-15.03,64.81
2641,1,1,0.1,44,36,-46.97,-120.19,77.78
2648,1,1,0.1,44,39,-85.49,-98.42,141.04
2652,1,1,0.1,45,36,-2.33,-68.37,1.09
2631,1,1,0.1,43,37,-70.46,-11.13,85.05
2662,1,1,0.1,45,39,-104.67,107.68,118.05
2657,1,1,0.1,45,38,-45.8,99.06,60.28
2647,1,1,0.1,44,38,13.31,107.03,121.12
2615,1,1,0.1,42,36,111.35,-13.79,64.99
2618,1,1,0.1,42,37,-107.05,108.15,168.32
2619,1,1,0.1,42,37,21.34,46.81,106.29
2644,1,1,0.1,44,37,87.25,103.81,32.84
2646,1,1,0.1,44,38,-58.99,-109.43,81.97
2628,1,1,0.1,43,36,113.45,57.68,64.81
2659,1,1,0.1,45,38,-40.69,-74.63,27.37
2642,1,1,0.1,44,37,-82.64,-14.15,80.52
2632,1,1,0.1,43,37,-88.09,104.64,100.38
2617,1,1,0.1,42,36,62.49,-106.94,77.46
2654,1,1,0.1,45,37,-82.28,-49.75,21.47
2607,1,1,1.0,45,38,61.87,-109.62,17.62
2606,1,1,1.0,44,38,73.22,82.15,84.52
2602,1,1,1.0,43,37,-107.35,-74.35,64.06
2605,1,1,1.0,44,36,57.3,-26.55,90.31
2716,1,1,0.1,44,37,-100.08,-3.66,82.22
2128,1,1,1.0,45,37,4.0,-68.0,22.0
2114,1,1,1.0,45,37,4.0,-68.0,22.0
2112,1,1,1.0,44,39,73.0,-64.0,110.0
2127,1,1,1.0,44,39,73.0,-64.0,110.0
2307,1,1,1.0,44,36,-22.0,-72.0,79.0
2357,1,1,1.0,44,36,-22.0,-72.0,79.0
2314,1,1,1.0,45,38,-86.0,81.0,58.0
2364,1,1,1.0,45,38,-86.0,81.0,58.0
2563,1,1,0.3,43,36,-75.0,88.0,64.81
2543,1,1,0.3,43,36,-75.0,88.0,64.81
2523,1,1,0.3,43,36,-75.0,88.0,64.81
2583,1,1,0.3,43,36,-75.0,88.0,64.81
2553,1,1,0.2,43,38,-26.54,35.82,177.21
2533,1,1,0.2,43,38,-26.54,35.82,177.21
2542,1,1,0.3,43,36,88.0,-29.0,64.81
2522,1,1,0.3,43,36,88.0,-29.0,64.81
2562,1,1,0.3,43,36,88.0,-29.0,64.81
2582,1,1,0.3,43,36,88.0,-29.0,64.81
2549,1,1,0.3,45,36,-86.0,89.0,28.0
2529,1,1,0.3,45,36,-86.0,89.0,28.0
2589,1,1,0.3,45,36,-86.0,89.0,28.0
2569,1,1,0.3,45,36,-86.0,89.0,28.0
2587,1,1,0.3,44,39,-34.0,-22.0,136.97
2567,1,1,0.3,44,39,-34.0,-22.0,136.97
2547,1,1,0.3,44,39,-34.0,-22.0,136.97
2527,1,1,0.3,44,39,-34.0,-22.0,136.97
2550,1,1,0.3,45,37,-90.47,96.33,20.61
2530,1,1,0.3,45,37,-90.47,96.33,20.61
2570,1,1,0.3,45,37,-90.47,96.33,20.61
2590,1,1,0.3,45,37,-90.47,96.33,20.61
2528,1,1,0.3,45,39,64.0,41.0,103.7
2568,1,1,0.3,45,39,64.0,41.0,103.7
2588,1,1,0.3,45,39,64.0,41.0,103.7
2548,1,1,0.3,45,39,64.0,41.0,103.7
2520,1,1,0.1,42,36,26.0,-4.0,79.0
2580,1,1,0.1,42,36,26.0,-4.0,79.0
2540,1,1,0.1,42,36,26.0,-4.0,79.0
2712,1,1,0.1,43,37,-50.23,-111.54,77.28
2544,1,1,0.2,43,37,17.0,-58.0,86.31
2584,1,1,0.2,43,37,17.0,-58.0,86.31
2524,1,1,0.2,43,37,17.0,-58.0,86.31
2564,1,1,0.2,43,37,17.0,-58.0,86.31
2535,1,1,0.3,44,37,-53.0,64.0,69.24
2546,1,1,0.3,44,37,-53.0,64.0,69.24
2586,1,1,0.3,44,37,-53.0,64.0,69.24
2555,1,1,0.3,44,37,-53.0,64.0,69.24
2526,1,1,0.3,44,37,-53.0,64.0,69.24
2710,1,1,0.1,42,36,56.59,71.43,95.08
2717,1,1,0.1,44,39,-120.0,32.97,-159.08
2718,1,1,0.1,45,39,44.29,-22.02,91.86
108,2,0,1.0,44,36,45.0,98.0,87.0
125,2,0,1.0,44,36,45.0,98.0,87.0
126,2,0,1.0,44,36,45.0,98.0,87.0
121,2,0,1.0,42,37,45.0,-107.0,98.0
101,2,0,1.0,42,37,45.0,-107.0,98.0
116,2,0,1.0,45,38,39.0,-9.0,35.0
103,2,0,1.0,42,39,-30.0,-45.0,192.0
113,2,0,1.0,45,36,-5.0,20.0,16.0
122,2,0,1.0,42,37,108.0,50.0,89.0
100,2,0,1.0,42,37,108.0,50.0,89.0
128,2,0,1.0,45,37,4.0,-68.0,22.0
114,2,0,1.0,45,37,4.0,-68.0,22.0
120,2,0,1.0,42,38,53.0,-44.0,143.0
123,2,0,1.0,42,38,53.0,-44.0,143.0
124,2,0,1.0,42,38,53.0,-44.0,143.0
104,2,0,1.0,43,36,-29.0,-49.0,65.0
307,2,0,1.0,44,36,-22.0,-72.0,79.0
357,2,0,1.0,44,36,-22.0,-72.0,79.0
308,2,0,1.0,44,37,-52.0,-76.0,87.0
358,2,0,1.0,44,37,-52.0,-76.0,87.0
305,2,0,1.0,43,36,57.0,85.0,64.0
313,2,0,1.0,45,38,44.0,97.0,12.0
314,2,0,1.0,45,38,-86.0,81.0,58.0
364,2,0,1.0,45,38,-86.0,81.0,58.0
352,2,0,1.0,42,38,-48.0,98.46,192.0
302,2,0,1.0,42,38,-48.0,98.46,192.0
312,2,0,0.975,45,37,86.0,4.0,24.0
362,2,0,0.975,45,37,86.0,4.0,24.0
756,2,0,2.0,43,37,37.57,62.69,125.31
757,2,0,2.0,43,37,37.57,62.69,125.31
762,2,0,1.0,45,36,-102.93,-46.38,35.32
753,2,0,1.0,42,38,94.25,65.8,184.18
755,2,0,1.0,43,36,25.03,54.58,64.82
763,2,0,1.0,45,37,22.18,117.69,18.69
754,2,0,1.0,42,39,69.86,90.74,209.89
750,2,0,1.0,42,36,93.28,-111.43,75.15
605,2,0,1.0,44,36,57.3,-26.55,90.31
607,2,0,1.0,45,38,61.87,-109.62,17.62
601,2,0,1.0,42,39,-125.4,-102.97,222.28
602,2,0,1.0,43,37,-107.35,-74.35,64.06
117,2,0,1.0,45,39,-56.0,54.0,95.0
109,2,0,1.0,44,37,75.0,-9.0,30.0
301,2,0,1.0,42,37,-66.0,44.0,159.0
351,2,0,1.0,42,37,-66.0,44.0,159.0
300,2,0,1.0,42,36,-74.0,62.0,92.0
350,2,0,1.0,42,36,-74.0,62.0,92.0
718,2,0,0.05,45,39,44.29,-22.02,91.86
652,2,0,0.05,45,36,-2.33,-68.37,1.09
642,2,0,0.025,44,37,-82.64,-14.15,80.52
617,2,0,0.05,42,36,62.49,-106.94,77.46
640,2,0,0.05,44,36,-57.72,88.02,85.86
657,2,0,0.05,45,38,-45.8,99.06,60.28
625,2,0,0.05,42,39,57.26,16.37,206.91
660,2,0,0.05,45,39,-89.46,-21.93,106.3
622,2,0,0.05,42,38,-84.22,115.12,197.85
618,2,0,0.05,42,37,-107.05,108.15,168.32
656,2,0,0.05,45,37,51.3,90.3,19.18
616,2,0,0.05,42,36,-42.39,68.68,92.36
620,2,0,0.05,42,37,-22.38,-37.82,106.2
661,2,0,0.05,45,39,1.06,-42.01,90.2
644,2,0,0.05,44,37,87.25,103.81,32.84
641,2,0,0.05,44,36,-46.97,-120.19,77.78
623,2,0,0.025,42,38,34.33,36.93,151.63
639,2,0,0.05,44,36,15.38,3.6,97.96
632,2,0,0.05,43,37,-88.09,104.64,100.38
653,2,0,0.05,45,36,-113.75,0.7,31.4
654,2,0,0.05,45,37,-82.28,-49.75,21.47
662,2,0,0.05,45,39,-104.67,107.68,118.05
629,2,0,0.05,43,36,59.18,-109.54,66.28
630,2,0,0.025,43,37,119.14,-94.37,89.27
631,2,0,0.05,43,37,-70.46,-11.13,85.05
619,2,0,0.05,42,37,21.34,46.81,106.29
643,2,0,0.05,44,37,12.25,39.28,54.97
628,2,0,0.05,43,36,113.45,57.68,64.81
659,2,0,0.05,45,38,-40.69,-74.63,27.37
651,2,0,0.05,45,36,90.27,113.0,31.64
655,2,0,0.05,45,37,92.67,44.27,25.33
615,2,0,0.05,42,36,111.35,-13.79,64.99
658,2,0,0.05,45,38,112.6,48.65,14.06
715,2,0,0.05,44,36,-65.83,-26.8,70.65
582,2,0,0.2,43,36,88.0,-29.0,64.81
562,2,0,0.2,43,36,88.0,-29.0,64.81
522,2,0,0.2,43,36,88.0,-29.0,64.81
542,2,0,0.2,43,36,88.0,-29.0,64.81
569,2,0,0.15,45,36,-86.0,89.0,28.0
589,2,0,0.15,45,36,-86.0,89.0,28.0
549,2,0,0.15,45,36,-86.0,89.0,28.0
529,2,0,0.15,45,36,-86.0,89.0,28.0
568,2,0,0.2,45,39,64.0,41.0,103.7
528,2,0,0.2,45,39,64.0,41.0,103.7
548,2,0,0.2,45,39,64.0,41.0,103.7
588,2,0,0.2,45,39,64.0,41.0,103.7
561,2,0,0.2,42,38,-54.0,21.0,191.93
581,2,0,0.2,42,38,-54.0,21.0,191.93
541,2,0,0.2,42,38,-54.0,21.0,191.93
521,2,0,0.2,42,38,-54.0,21.0,191.93
554,2,0,0.2,43,39,88.99,96.71,108.53
594,2,0,0.2,43,39,88.99,96.71,108.53
574,2,0,0.2,43,39,88.99,96.71,108.53
534,2,0,0.2,43,39,88.99,96.71,108.53
560,2,0,0.2,42,36,26.0,-4.0,79.0
520,2,0,0.2,42,36,26.0,-4.0,79.0
540,2,0,0.2,42,36,26.0,-4.0,79.0
580,2,0,0.2,42,36,26.0,-4.0,79.0
590,2,0,0.125,45,37,-90.47,96.33,20.61
570,2,0,0.125,45,37,-90.47,96.33,20.61
530,2,0,0.125,45,37,-90.47,96.33,20.61
550,2,0,0.125,45,37,-90.47,96.33,20.61
544,2,0,0.175,43,37,17.0,-58.0,86.31
584,2,0,0.175,43,37,17.0,-58.0,86.31
564,2,0,0.175,43,37,17.0,-58.0,86.31
524,2,0,0.175,43,37,17.0,-58.0,86.31
129,2,0,0.15,44,38,126.0,-70.0,32.0
111,2,0,0.15,44,38,126.0,-70.0,32.0
710,2,0,0.075,42,36,56.59,71.43,95.08
576,2,0,0.1,44,37,-53.0,64.0,69.24
546,2,0,0.1,44,37,-53.0,64.0,69.24
586,2,0,0.1,44,37,-53.0,64.0,69.24
555,2,0,0.1,44,37,-53.0,64.0,69.24
526,2,0,0.1,44,37,-53.0,64.0,69.24
595,2,0,0.1,44,37,-53.0,64.0,69.24
566,2,0,0.1,44,37,-53.0,64.0,69.24
535,2,0,0.1,44,37,-53.0,64.0,69.24
523,2,0,0.05,43,36,-75.0,88.0,64.81
563,2,0,0.05,43,36,-75.0,88.0,64.81
583,2,0,0.05,43,36,-75.0,88.0,64.81
543,2,0,0.05,43,36,-75.0,88.0,64.81
626,2,0,0.025,42,39,81.27,-92.36,189.24
624,2,0,0.025,42,39,38.17,59.14,206.62
627,2,0,0.025,43,36,0.74,29.3,64.77
712,2,0,0.05,43,37,-50.23,-111.54,77.28
716,2,0,0.025,44,37,-100.08,-3.66,82.22
2108,2,1,1.0,44,36,45.0,98.0,87.0
2125,2,1,1.0,44,36,45.0,98.0,87.0
2126,2,1,1.0,44,36,45.0,98.0,87.0
2116,2,1,1.0,45,38,39.0,-9.0,35.0
2122,2,1,1.0,42,37,108.0,50.0,89.0
2100,2,1,1.0,42,37,108.0,50.0,89.0
2121,2,1,1.0,42,37,45.0,-107.0,98.0
2101,2,1,1.0,42,37,45.0,-107.0,98.0
2104,2,1,1.0,43,36,-29.0,-49.0,65.0
2128,2,1,1.0,45,37,4.0,-68.0,22.0
2114,2,1,1.0,45,37,4.0,-68.0,22.0
2120,2,1,1.0,42,38,53.0,-44.0,143.0
2123,2,1,1.0,42,38,53.0,-44.0,143.0
2124,2,1,1.0,42,38,53.0,-44.0,143.0
2117,2,1,1.0,45,39,-56.0,54.0,95.0
2113,2,1,1.0,45,36,-5.0,20.0,16.0
2308,2,1,1.0,44,37,-52.0,-76.0,87.0
2358,2,1,1.0,44,37,-52.0,-76.0,87.0
2314,2,1,1.0,45,38,-86.0,81.0,58.0
2364,2,1,1.0,45,38,-86.0,81.0,58.0
2307,2,1,1.0,44,36,-22.0,-72.0,79.0
2357,2,1,1.0,44,36,-22.0,-72.0,79.0
2300,2,1,1.0,42,36,-74.0,62.0,92.0
2350,2,1,1.0,42,36,-74.0,62.0,92.0
2352,2,1,1.0,42,38,-48.0,98.46,192.0
2302,2,1,1.0,42,38,-48.0,98.46,192.0
2305,2,1,1.0,43,36,57.0,85.0,64.0
2313,2,1,1.0,45,38,44.0,97.0,12.0
2756,2,1,2.0,43,37,37.57,62.69,125.31
2757,2,1,2.0,43,37,37.57,62.69,125.31
2753,2,1,1.0,42,38,94.25,65.8,184.18
2750,2,1,1.0,42,36,93.28,-111.43,75.15
2755,2,1,1.0,43,36,25.03,54.58,64.82
2762,2,1,1.0,45,36,-102.93,-46.38,35.32
2754,2,1,1.0,42,39,69.86,90.74,209.89
2763,2,1,1.0,45,37,22.18,117.69,18.69
2542,2,1,0.4,43,36,88.0,-29.0,64.81
2522,2,1,0.4,43,36,88.0,-29.0,64.81
2562,2,1,0.4,43,36,88.0,-29.0,64.81
2582,2,1,0.4,43,36,88.0,-29.0,64.81
2528,2,1,0.4,45,39,64.0,41.0,103.7
2568,2,1,0.4,45,39,64.0,41.0,103.7
2588,2,1,0.4,45,39,64.0,41.0,103.7
2548,2,1,0.4,45,39,64.0,41.0,103.7
2520,2,1,0.3,42,36,26.0,-4.0,79.0
2580,2,1,0.3,42,36,26.0,-4.0,79.0
2540,2,1,0.3,42,36,26.0,-4.0,79.0
2549,2,1,0.4,45,36,-86.0,89.0,28.0
2529,2,1,0.4,45,36,-86.0,89.0,28.0
2589,2,1,0.4,45,36,-86.0,89.0,28.0
2569,2,1,0.4,45,36,-86.0,89.0,28.0
2550,2,1,0.4,45,37,-90.47,96.33,20.61
2530,2,1,0.4,45,37,-90.47,96.33,20.61
2570,2,1,0.4,45,37,-90.47,96.33,20.61
2590,2,1,0.4,45,37,-90.47,96.33,20.61
2541,2,1,0.4,42,38,-54.0,21.0,191.93
2521,2,1,0.4,42,38,-54.0,21.0,191.93
2581,2,1,0.4,42,38,-54.0,21.0,191.93
2561,2,1,0.4,42,38,-54.0,21.0,191.93
2534,2,1,0.4,43,39,88.99,96.71,108.53
2574,2,1,0.4,43,39,88.99,96.71,108.53
2544,2,1,0.4,43,37,17.0,-58.0,86.31
2584,2,1,0.4,43,37,17.0,-58.0,86.31
2524,2,1,0.4,43,37,17.0,-58.0,86.31
2564,2,1,0.4,43,37,17.0,-58.0,86.31
2602,2,1,1.0,43,37,-107.35,-74.35,64.06
2605,2,1,1.0,44,36,57.3,-26.55,90.31
2601,2,1,1.0,42,39,-125.4,-102.97,222.28
2607,2,1,1.0,45,38,61.87,-109.62,17.62
2715,2,1,0.1,44,36,-65.83,-26.8,70.65
2109,2,1,1.0,44,37,75.0,-9.0,30.0
2103,2,1,1.0,42,39,-30.0,-45.0,192.0
2301,2,1,1.0,42,37,-66.0,44.0,159.0
2351,2,1,1.0,42,37,-66.0,44.0,159.0
2312,2,1,1.0,45,37,86.0,4.0,24.0
2362,2,1,1.0,45,37,86.0,4.0,24.0
2563,2,1,0.4,43,36,-75.0,88.0,64.81
2543,2,1,0.4,43,36,-75.0,88.0,64.81
2523,2,1,0.4,43,36,-75.0,88.0,64.81
2583,2,1,0.4,43,36,-75.0,88.0,64.81
2535,2,1,0.3,44,37,-53.0,64.0,69.24
2546,2,1,0.3,44,37,-53.0,64.0,69.24
2586,2,1,0.3,44,37,-53.0,64.0,69.24
2555,2,1,0.3,44,37,-53.0,64.0,69.24
2526,2,1,0.3,44,37,-53.0,64.0,69.24
2129,2,1,0.1,44,38,126.0,-70.0,32.0
2111,2,1,0.1,44,38,126.0,-70.0,32.0
2714,2,1,0.1,44,36,103.03,-6.62,82.1
2716,2,1,0.1,44,37,-100.08,-3.66,82.22
129,3,0,1.0,44,38,126.0,-70.0,32.0
111,3,0,1.0,44,38,126.0,-70.0,32.0
117,3,0,1.0,45,39,-56.0,54.0,95.0
107,3,0,1.0,43,39,-24.0,111.0,198.0
103,3,0,1.0,42,39,-30.0,-45.0,192.0
112,3,0,1.0,44,39,73.0,-64.0,110.0
127,3,0,1.0,44,39,73.0,-64.0,110.0
110,3,0,1.0,44,38,2.0,-13.0,85.0
121,3,0,1.0,42,37,45.0,-107.0,98.0
101,3,0,1.0,42,37,45.0,-107.0,98.0
116,3,0,1.0,45,38,39.0,-9.0,35.0
122,3,0,1.0,42,37,108.0,50.0,89.0
100,3,0,1.0,42,37,108.0,50.0,89.0
120,3,0,1.0,42,38,53.0,-44.0,143.0
123,3,0,1.0,42,38,53.0,-44.0,143.0
124,3,0,1.0,42,38,53.0,-44.0,143.0
314,3,0,1.0,45,38,-86.0,81.0,58.0
364,3,0,1.0,45,38,-86.0,81.0,58.0
306,3,0,1.0,43,38,-86.0,32.0,188.0
356,3,0,1.0,43,38,-86.0,32.0,188.0
360,3,0,1.0,44,39,-72.0,44.0,153.0
310,3,0,1.0,44,39,-72.0,44.0,153.0
305,3,0,1.0,43,36,57.0,85.0,64.0
301,3,0,1.0,42,37,-66.0,44.0,159.0
351,3,0,1.0,42,37,-66.0,44.0,159.0
300,3,0,1.0,42,36,-74.0,62.0,92.0
350,3,0,1.0,42,36,-74.0,62.0,92.0
756,3,0,2.0,43,37,37.57,62.69,125.31
757,3,0,2.0,43,37,37.57,62.69,125.31
320,3,0,1.0,45,37,25.51,-25.69,34.23
317,3,0,1.0,44,37,-13.58,28.39,62.97
322,3,0,1.0,45,36,53.98,92.46,55.52
318,3,0,1.0,45,37,-40.77,-83.51,36.06
315,3,0,1.0,44,36,99.06,12.58,52.34
309,3,0,1.0,44,37,34.33,-58.97,55.36
760,3,0,1.0,44,38,-49.54,55.63,94.77
754,3,0,1.0,42,39,69.86,90.74,209.89
759,3,0,1.0,43,39,84.86,-167.25,106.27
755,3,0,1.0,43,36,25.03,54.58,64.82
753,3,0,1.0,42,38,94.25,65.8,184.18
761,3,0,1.0,44,39,79.16,50.83,124.65
758,3,0,1.0,43,39,-124.81,19.15,219.86
750,3,0,1.0,42,36,93.28,-111.43,75.15
603,3,0,1.0,43,38,44.37,53.18,137.33
606,3,0,1.0,44,38,73.22,82.15,84.52
607,3,0,1.0,45,38,61.87,-109.62,17.62
604,3,0,1.0,43,39,99.79,82.09,101.23
602,3,0,1.0,43,37,-107.35,-74.35,64.06
601,3,0,1.0,42,39,-125.4,-102.97,222.28
321,3,0,1.0,45,37,-112.99,-33.61,39.32
319,3,0,1.0,45,37,49.5,46.28,28.71
316,3,0,1.0,44,37,72.97,39.88,50.38
104,3,0,1.0,43,36,-29.0,-49.0,65.0
106,3,0,1.0,43,39,0.0,-77.0,176.0
313,3,0,1.0,45,38,44.0,97.0,12.0
352,3,0,1.0,42,38,-48.0,98.46,192.0
302,3,0,1.0,42,38,-48.0,98.46,192.0
619,3,0,0.025,42,37,21.34,46.81,106.29
645,3,0,0.025,44,38,-101.01,-15.03,64.81
621,3,0,0.025,42,38,-68.29,-61.24,175.87
629,3,0,0.025,43,36,59.18,-109.54,66.28
637,3,0,0.025,43,39,-127.64,-127.74,189.3
657,3,0,0.025,45,38,-45.8,99.06,60.28
660,3,0,0.025,45,39,-89.46,-21.93,106.3
646,3,0,0.025,44,38,-58.99,-109.43,81.97
634,3,0,0.025,43,38,54.99,-94.64,97.33
626,3,0,0.025,42,39,81.27,-92.36,189.24
623,3,0,0.025,42,38,34.33,36.93,151.63
622,3,0,0.025,42,38,-84.22,115.12,197.85
627,3,0,0.025,43,36,0.74,29.3,64.77
631,3,0,0.025,43,37,-70.46,-11.13,85.05
659,3,0,0.025,45,38,-40.69,-74.63,27.37
647,3,0,0.025,44,38,13.31,107.03,121.12
649,3,0,0.025,44,39,85.68,19.94,115.62
617,3,0,0.025,42,36,62.49,-106.94,77.46
632,3,0,0.025,43,37,-88.09,104.64,100.38
633,3,0,0.025,43,38,100.74,13.1,99.04
624,3,0,0.025,42,39,38.17,59.14,206.62
625,3,0,0.025,42,39,57.26,16.37,206.91
616,3,0,0.025,42,36,-42.39,68.68,92.36
635,3,0,0.025,43,38,-82.2,88.58,189.85
638,3,0,0.025,43,39,86.78,3.42,100.98
618,3,0,0.025,42,37,-107.05,108.15,168.32
650,3,0,0.025,44,39,30.98,81.92,140.97
615,3,0,0.025,42,36,111.35,-13.79,64.99
628,3,0,0.025,43,36,113.45,57.68,64.81
620,3,0,0.025,42,37,-22.38,-37.82,106.2
630,3,0,0.025,43,37,119.14,-94.37,89.27
662,3,0,0.025,45,39,-104.67,107.68,118.05
711,3,0,0.05,42,39,49.95,-44.26,205.12
544,3,0,0.1,43,37,17.0,-58.0,86.31
584,3,0,0.1,43,37,17.0,-58.0,86.31
564,3,0,0.1,43,37,17.0,-58.0,86.31
524,3,0,0.1,43,37,17.0,-58.0,86.31
561,3,0,0.125,42,38,-54.0,21.0,191.93
581,3,0,0.125,42,38,-54.0,21.0,191.93
541,3,0,0.125,42,38,-54.0,21.0,191.93
521,3,0,0.125,42,38,-54.0,21.0,191.93
523,3,0,0.175,43,36,-75.0,88.0,64.81
563,3,0,0.175,43,36,-75.0,88.0,64.81
583,3,0,0.175,43,36,-75.0,88.0,64.81
543,3,0,0.175,43,36,-75.0,88.0,64.81
568,3,0,0.2,45,39,64.0,41.0,103.7
528,3,0,0.2,45,39,64.0,41.0,103.7
548,3,0,0.2,45,39,64.0,41.0,103.7
588,3,0,0.2,45,39,64.0,41.0,103.7
591,3,0,0.15,44,36,48.9,91.35,47.0
551,3,0,0.15,44,36,48.9,91.35,47.0
587,3,0,0.2,44,39,-34.0,-22.0,136.97
547,3,0,0.2,44,39,-34.0,-22.0,136.97
527,3,0,0.2,44,39,-34.0,-22.0,136.97
567,3,0,0.2,44,39,-34.0,-22.0,136.97
552,3,0,0.2,45,37,-30.53,53.87,28.19
592,3,0,0.2,45,37,-30.53,53.87,28.19
532,3,0,0.2,45,37,-30.53,53.87,28.19
560,3,0,0.15,42,36,26.0,-4.0,79.0
520,3,0,0.15,42,36,26.0,-4.0,79.0
540,3,0,0.15,42,36,26.0,-4.0,79.0
580,3,0,0.15,42,36,26.0,-4.0,79.0
717,3,0,0.05,44,39,-120.0,32.97,-159.08
712,3,0,0.025,43,37,-50.23,-111.54,77.28
582,3,0,0.175,43,36,88.0,-29.0,64.81
562,3,0,0.175,43,36,88.0,-29.0,64.81
522,3,0,0.175,43,36,88.0,-29.0,64.81
542,3,0,0.175,43,36,88.0,-29.0,64.81
585,3,0,0.125,43,38,-84.0,-62.0,131.22
545,3,0,0.125,43,38,-84.0,-62.0,131.22
525,3,0,0.125,43,38,-84.0,-62.0,131.22
565,3,0,0.125,43,38,-84.0,-62.0,131.22
710,3,0,0.05,42,36,56.59,71.43,95.08
718,3,0,0.025,45,39,44.29,-22.02,91.86
2112,3,1,1.0,44,39,73.0,-64.0,110.0
2127,3,1,1.0,44,39,73.0,-64.0,110.0
2103,3,1,1.0,42,39,-30.0,-45.0,192.0
2110,3,1,1.0,44,38,2.0,-13.0,85.0
2104,3,1,1.0,43,36,-29.0,-49.0,65.0
2107,3,1,1.0,43,39,-24.0,111.0,198.0
2121,3,1,1.0,42,37,45.0,-107.0,98.0
2101,3,1,1.0,42,37,45.0,-107.0,98.0
2129,3,1,1.0,44,38,126.0,-70.0,32.0
2111,3,1,1.0,44,38,126.0,-70.0,32.0
2117,3,1,1.0,45,39,-56.0,54.0,95.0
2120,3,1,1.0,42,38,53.0,-44.0,143.0
2123,3,1,1.0,42,38,53.0,-44.0,143.0
2124,3,1,1.0,42,38,53.0,-44.0,143.0
2106,3,1,1.0,43,39,0.0,-77.0,176.0
2360,3,1,1.0,44,39,-72.0,44.0,153.0
2310,3,1,1.0,44,39,-72.0,44.0,153.0
2313,3,1,1.0,45,38,44.0,97.0,12.0
2306,3,1,1.0,43,38,-86.0,32.0,188.0
2356,3,1,1.0,43,38,-86.0,32.0,188.0
2300,3,1,1.0,42,36,-74.0,62.0,92.0
2350,3,1,1.0,42,36,-74.0,62.0,92.0
2301,3,1,1.0,42,37,-66.0,44.0,159.0
2351,3,1,1.0,42,37,-66.0,44.0,159.0
2352,3,1,1.0,42,38,-48.0,98.46,192.0
2302,3,1,1.0,42,38,-48.0,98.46,192.0
2756,3,1,2.0,43,37,37.57,62.69,125.31
2757,3,1,2.0,43,37,37.57,62.69,125.31
2315,3,1,1.0,44,36,99.06,12.58,52.34
2309,3,1,1.0,44,37,34.33,-58.97,55.36
2322,3,1,1.0,45,36,53.98,92.46,55.52
2320,3,1,1.0,45,37,25.51,-25.69,34.23
2318,3,1,1.0,45,37,-40.77,-83.51,36.06
2319,3,1,1.0,45,37,49.5,46.28,28.71
2761,3,1,1.0,44,39,79.16,50.83,124.65
2750,3,1,1.0,42,36,93.28,-111.43,75.15
2760,3,1,1.0,44,38,-49.54,55.63,94.77
2754,3,1,1.0,42,39,69.86,90.74,209.89
2753,3,1,1.0,42,38,94.25,65.8,184.18
2759,3,1,1.0,43,39,84.86,-167.25,106.27
2755,3,1,1.0,43,36,25.03,54.58,64.82
2758,3,1,1.0,43,39,-124.81,19.15,219.86
2531,3,1,0.4,44,36,48.9,91.35,47.0
2541,3,1,0.4,42,38,-54.0,21.0,191.93
2521,3,1,0.4,42,38,-54.0,21.0,191.93
2581,3,1,0.4,42,38,-54.0,21.0,191.93
2561,3,1,0.4,42,38,-54.0,21.0,191.93
2585,3,1,0.4,43,38,-84.0,-62.0,131.22
2565,3,1,0.4,43,38,-84.0,-62.0,131.22
2545,3,1,0.4,43,38,-84.0,-62.0,131.22
2525,3,1,0.4,43,38,-84.0,-62.0,131.22
2544,3,1,0.4,43,37,17.0,-58.0,86.31
2584,3,1,0.4,43,37,17.0,-58.0,86.31
2524,3,1,0.4,43,37,17.0,-58.0,86.31
2564,3,1,0.4,43,37,17.0,-58.0,86.31
2532,3,1,0.4,45,37,-30.53,53.87,28.19
2528,3,1,0.4,45,39,64.0,41.0,103.7
2568,3,1,0.4,45,39,64.0,41.0,103.7
2588,3,1,0.4,45,39,64.0,41.0,103.7
2548,3,1,0.4,45,39,64.0,41.0,103.7
2587,3,1,0.3,44,39,-34.0,-22.0,136.97
2567,3,1,0.3,44,39,-34.0,-22.0,136.97
2547,3,1,0.3,44,39,-34.0,-22.0,136.97
2527,3,1,0.3,44,39,-34.0,-22.0,136.97
2542,3,1,0.4,43,36,88.0,-29.0,64.81
2522,3,1,0.4,43,36,88.0,-29.0,64.81
2562,3,1,0.4,43,36,88.0,-29.0,64.81
2582,3,1,0.4,43,36,88.0,-29.0,64.81
2606,3,1,1.0,44,38,73.22,82.15,84.52
2602,3,1,1.0,43,37,-107.35,-74.35,64.06
2601,3,1,1.0,42,39,-125.4,-102.97,222.28
2604,3,1,1.0,43,39,99.79,82.09,101.23
2607,3,1,1.0,45,38,61.87,-109.62,17.62
2603,3,1,1.0,43,38,44.37,53.18,137.33
2321,3,1,1.0,45,37,-112.99,-33.61,39.32
2317,3,1,1.0,44,37,-13.58,28.39,62.97
2316,3,1,1.0,44,37,72.97,39.88,50.38
2116,3,1,1.0,45,38,39.0,-9.0,35.0
2122,3,1,1.0,42,37,108.0,50.0,89.0
2100,3,1,1.0,42,37,108.0,50.0,89.0
2305,3,1,1.0,43,36,57.0,85.0,64.0
2314,3,1,1.0,45,38,-86.0,81.0,58.0
2364,3,1,1.0,45,38,-86.0,81.0,58.0
2563,3,1,0.4,43,36,-75.0,88.0,64.81
2543,3,1,0.4,43,36,-75.0,88.0,64.81
2523,3,1,0.4,43,36,-75.0,88.0,64.81
2583,3,1,0.4,43,36,-75.0,88.0,64.81
2520,3,1,0.3,42,36,26.0,-4.0,79.0
2580,3,1,0.3,42,36,26.0,-4.0,79.0
2540,3,1,0.3,42,36,26.0,-4.0,79.0
2710,3,1,0.1,42,36,56.59,71.43,95.08
2712,3,1,0.1,43,37,-50.23,-111.54,77.28
2711,3,1,0.1,42,39,49.95,-44.26,205.12
2717,3,1,0.1,44,39,-120.0,32.97,-159.08
120,5,0,1.0,42,38,53.0,-44.0,143.0
123,5,0,1.0,42,38,53.0,-44.0,143.0
124,5,0,1.0,42,38,53.0,-44.0,143.0
113,5,0,1.0,45,36,-5.0,20.0,16.0
103,5,0,1.0,42,39,-30.0,-45.0,192.0
117,5,0,1.0,45,39,-56.0,54.0,95.0
106,5,0,1.0,43,39,0.0,-77.0,176.0
112,5,0,1.0,44,39,73.0,-64.0,110.0
127,5,0,1.0,44,39,73.0,-64.0,110.0
128,5,0,1.0,45,37,4.0,-68.0,22.0
114,5,0,1.0,45,37,4.0,-68.0,22.0
116,5,0,1.0,45,38,39.0,-9.0,35.0
110,5,0,1.0,44,38,2.0,-13.0,85.0
107,5,0,1.0,43,39,-24.0,111.0,198.0
306,5,0,1.0,43,38,-86.0,32.0,188.0
356,5,0,1.0,43,38,-86.0,32.0,188.0
307,5,0,1.0,44,36,-22.0,-72.0,79.0
357,5,0,1.0,44,36,-22.0,-72.0,79.0
352,5,0,1.0,42,38,-48.0,98.46,192.0
302,5,0,1.0,42,38,-48.0,98.46,192.0
313,5,0,1.0,45,38,44.0,97.0,12.0
360,5,0,1.0,44,39,-72.0,44.0,153.0
310,5,0,1.0,44,39,-72.0,44.0,153.0
308,5,0,1.0,44,37,-52.0,-76.0,87.0
358,5,0,1.0,44,37,-52.0,-76.0,87.0
760,5,0,1.0,44,38,-49.54,55.63,94.77
754,5,0,1.0,42,39,69.86,90.74,209.89
763,5,0,1.0,45,37,22.18,117.69,18.69
758,5,0,1.0,43,39,-124.81,19.15,219.86
753,5,0,1.0,42,38,94.25,65.8,184.18
761,5,0,1.0,44,39,79.16,50.83,124.65
762,5,0,1.0,45,36,-102.93,-46.38,35.32
759,5,0,1.0,43,39,84.86,-167.25,106.27
657,5,0,0.05,45,38,-45.8,99.06,60.28
623,5,0,0.075,42,38,34.33,36.93,151.63
626,5,0,0.075,42,39,81.27,-92.36,189.24
661,5,0,0.025,45,39,1.06,-42.01,90.2
645,5,0,0.075,44,38,-101.01,-15.03,64.81
641,5,0,0.075,44,36,-46.97,-120.19,77.78
648,5,0,0.025,44,39,-85.49,-98.42,141.04
651,5,0,0.075,45,36,90.27,113.0,31.64
638,5,0,0.05,43,39,86.78,3.42,100.98
622,5,0,0.075,42,38,-84.22,115.12,197.85
662,5,0,0.05,45,39,-104.67,107.68,118.05
654,5,0,0.05,45,37,-82.28,-49.75,21.47
656,5,0,0.075,45,37,51.3,90.3,19.18
642,5,0,0.075,44,37,-82.64,-14.15,80.52
646,5,0,0.075,44,38,-58.99,-109.43,81.97
644,5,0,0.075,44,37,87.25,103.81,32.84
655,5,0,0.05,45,37,92.67,44.27,25.33
639,5,0,0.075,44,36,15.38,3.6,97.96
624,5,0,0.075,42,39,38.17,59.14,206.62
633,5,0,0.025,43,38,100.74,13.1,99.04
635,5,0,0.05,43,38,-82.2,88.58,189.85
625,5,0,0.05,42,39,57.26,16.37,206.91
658,5,0,0.075,45,38,112.6,48.65,14.06
650,5,0,0.075,44,39,30.98,81.92,140.97
640,5,0,0.075,44,36,-57.72,88.02,85.86
634,5,0,0.075,43,38,54.99,-94.64,97.33
660,5,0,0.075,45,39,-89.46,-21.93,106.3
659,5,0,0.075,45,38,-40.69,-74.63,27.37
606,5,0,1.0,44,38,73.22,82.15,84.52
605,5,0,1.0,44,36,57.3,-26.55,90.31
604,5,0,1.0,43,39,99.79,82.09,101.23
607,5,0,1.0,45,38,61.87,-109.62,17.62
601,5,0,1.0,42,39,-125.4,-102.97,222.28
603,5,0,1.0,43,38,44.37,53.18,137.33
109,5,0,1.0,44,37,75.0,-9.0,30.0
108,5,0,1.0,44,36,45.0,98.0,87.0
125,5,0,1.0,44,36,45.0,98.0,87.0
126,5,0,1.0,44,36,45.0,98.0,87.0
129,5,0,1.0,44,38,126.0,-70.0,32.0
111,5,0,1.0,44,38,126.0,-70.0,32.0
314,5,0,1.0,45,38,-86.0,81.0,58.0
364,5,0,1.0,45,38,-86.0,81.0,58.0
312,5,0,1.0,45,37,86.0,4.0,24.0
362,5,0,1.0,45,37,86.0,4.0,24.0
717,5,0,0.075,44,39,-120.0,32.97,-159.08
718,5,0,0.025,45,39,44.29,-22.02,91.86
587,5,0,0.225,44,39,-34.0,-22.0,136.97
547,5,0,0.225,44,39,-34.0,-22.0,136.97
527,5,0,0.225,44,39,-34.0,-22.0,136.97
567,5,0,0.225,44,39,-34.0,-22.0,136.97
569,5,0,0.225,45,36,-86.0,89.0,28.0
589,5,0,0.225,45,36,-86.0,89.0,28.0
549,5,0,0.225,45,36,-86.0,89.0,28.0
529,5,0,0.225,45,36,-86.0,89.0,28.0
556,5,0,0.05,43,37,-53.0,64.0,69.24
568,5,0,0.225,45,39,64.0,41.0,103.7
528,5,0,0.225,45,39,64.0,41.0,103.7
548,5,0,0.225,45,39,64.0,41.0,103.7
588,5,0,0.225,45,39,64.0,41.0,103.7
561,5,0,0.225,42,38,-54.0,21.0,191.93
581,5,0,0.225,42,38,-54.0,21.0,191.93
541,5,0,0.225,42,38,-54.0,21.0,191.93
521,5,0,0.225,42,38,-54.0,21.0,191.93
576,5,0,0.225,44,37,-53.0,64.0,69.24
546,5,0,0.225,44,37,-53.0,64.0,69.24
586,5,0,0.225,44,37,-53.0,64.0,69.24
555,5,0,0.225,44,37,-53.0,64.0,69.24
526,5,0,0.225,44,37,-53.0,64.0,69.24
595,5,0,0.225,44,37,-53.0,64.0,69.24
566,5,0,0.225,44,37,-53.0,64.0,69.24
535,5,0,0.225,44,37,-53.0,64.0,69.24
585,5,0,0.225,43,38,-84.0,-62.0,131.22
545,5,0,0.225,43,38,-84.0,-62.0,131.22
525,5,0,0.225,43,38,-84.0,-62.0,131.22
565,5,0,0.225,43,38,-84.0,-62.0,131.22
590,5,0,0.225,45,37,-90.47,96.33,20.61
570,5,0,0.225,45,37,-90.47,96.33,20.61
530,5,0,0.225,45,37,-90.47,96.33,20.61
550,5,0,0.225,45,37,-90.47,96.33,20.61
711,5,0,0.05,42,39,49.95,-44.26,205.12
536,5,0,0.175,43,37,36.38,41.32,89.4
577,5,0,0.175,43,37,36.38,41.32,89.4
596,5,0,0.175,43,37,36.38,41.32,89.4
713,5,0,0.05,43,38,-8.95,-23.48,124.89
637,5,0,0.05,43,39,-127.64,-127.74,189.3
649,5,0,0.025,44,39,85.68,19.94,115.62
647,5,0,0.05,44,38,13.31,107.03,121.12
653,5,0,0.025,45,36,-113.75,0.7,31.4
621,5,0,0.05,42,38,-68.29,-61.24,175.87
652,5,0,0.025,45,36,-2.33,-68.37,1.09
643,5,0,0.05,44,37,12.25,39.28,54.97
636,5,0,0.05,43,39,-110.69,109.7,219.68
715,5,0,0.025,44,36,-65.83,-26.8,70.65
2108,5,1,1.0,44,36,45.0,98.0,87.0
2125,5,1,1.0,44,36,45.0,98.0,87.0
2126,5,1,1.0,44,36,45.0,98.0,87.0
2103,5,1,1.0,42,39,-30.0,-45.0,192.0
2109,5,1,1.0,44,37,75.0,-9.0,30.0
2116,5,1,1.0,45,38,39.0,-9.0,35.0
2113,5,1,1.0,45,36,-5.0,20.0,16.0
2106,5,1,1.0,43,39,0.0,-77.0,176.0
2129,5,1,1.0,44,38,126.0,-70.0,32.0
2111,5,1,1.0,44,38,126.0,-70.0,32.0
2112,5,1,1.0,44,39,73.0,-64.0,110.0
2127,5,1,1.0,44,39,73.0,-64.0,110.0
2117,5,1,1.0,45,39,-56.0,54.0,95.0
2120,5,1,1.0,42,38,53.0,-44.0,143.0
2123,5,1,1.0,42,38,53.0,-44.0,143.0
2124,5,1,1.0,42,38,53.0,-44.0,143.0
2110,5,1,1.0,44,38,2.0,-13.0,85.0
2307,5,1,1.0,44,36,-22.0,-72.0,79.0
2357,5,1,1.0,44,36,-22.0,-72.0,79.0
2352,5,1,1.0,42,38,-48.0,98.46,192.0
2302,5,1,1.0,42,38,-48.0,98.46,192.0
2308,5,1,1.0,44,37,-52.0,-76.0,87.0
2358,5,1,1.0,44,37,-52.0,-76.0,87.0
2313,5,1,1.0,45,38,44.0,97.0,12.0
2312,5,1,1.0,45,37,86.0,4.0,24.0
2362,5,1,1.0,45,37,86.0,4.0,24.0
2360,5,1,1.0,44,39,-72.0,44.0,153.0
2310,5,1,1.0,44,39,-72.0,44.0,153.0
2760,5,1,1.0,44,38,-49.54,55.63,94.77
2754,5,1,1.0,42,39,69.86,90.74,209.89
2763,5,1,1.0,45,37,22.18,117.69,18.69
2759,5,1,1.0,43,39,84.86,-167.25,106.27
2753,5,1,1.0,42,38,94.25,65.8,184.18
2758,5,1,1.0,43,39,-124.81,19.15,219.86
2762,5,1,1.0,45,36,-102.93,-46.38,35.32
2761,5,1,1.0,44,39,79.16,50.83,124.65
2535,5,1,0.4,44,37,-53.0,64.0,69.24
2546,5,1,0.4,44,37,-53.0,64.0,69.24
2586,5,1,0.4,44,37,-53.0,64.0,69.24
2555,5,1,0.4,44,37,-53.0,64.0,69.24
2526,5,1,0.4,44,37,-53.0,64.0,69.24
2541,5,1,0.4,42,38,-54.0,21.0,191.93
2521,5,1,0.4,42,38,-54.0,21.0,191.93
2581,5,1,0.4,42,38,-54.0,21.0,191.93
2561,5,1,0.4,42,38,-54.0,21.0,191.93
2550,5,1,0.4,45,37,-90.47,96.33,20.61
2530,5,1,0.4,45,37,-90.47,96.33,20.61
2570,5,1,0.4,45,37,-90.47,96.33,20.61
2590,5,1,0.4,45,37,-90.47,96.33,20.61
2587,5,1,0.4,44,39,-34.0,-22.0,136.97
2567,5,1,0.4,44,39,-34.0,-22.0,136.97
2547,5,1,0.4,44,39,-34.0,-22.0,136.97
2527,5,1,0.4,44,39,-34.0,-22.0,136.97
2528,5,1,0.4,45,39,64.0,41.0,103.7
2568,5,1,0.4,45,39,64.0,41.0,103.7
2588,5,1,0.4,45,39,64.0,41.0,103.7
2548,5,1,0.4,45,39,64.0,41.0,103.7
2585,5,1,0.4,43,38,-84.0,-62.0,131.22
2565,5,1,0.4,43,38,-84.0,-62.0,131.22
2545,5,1,0.4,43,38,-84.0,-62.0,131.22
2525,5,1,0.4,43,38,-84.0,-62.0,131.22
2549,5,1,0.4,45,36,-86.0,89.0,28.0
2529,5,1,0.4,45,36,-86.0,89.0,28.0
2589,5,1,0.4,45,36,-86.0,89.0,28.0
2569,5,1,0.4,45,36,-86.0,89.0,28.0
2536,5,1,0.3,43,37,36.38,41.32,89.4
2603,5,1,1.0,43,38,44.37,53.18,137.33
2607,5,1,1.0,45,38,61.87,-109.62,17.62
2601,5,1,1.0,42,39,-125.4,-102.97,222.28
2604,5,1,1.0,43,39,99.79,82.09,101.23
2605,5,1,1.0,44,36,57.3,-26.55,90.31
2606,5,1,1.0,44,38,73.22,82.15,84.52
2714,5,1,0.2,44,36,103.03,-6.62,82.1
2107,5,1,1.0,43,39,-24.0,111.0,198.0
2128,5,1,1.0,45,37,4.0,-68.0,22.0
2114,5,1,1.0,45,37,4.0,-68.0,22.0
2314,5,1,1.0,45,38,-86.0,81.0,58.0
2364,5,1,1.0,45,38,-86.0,81.0,58.0
2306,5,1,1.0,43,38,-86.0,32.0,188.0
2356,5,1,1.0,43,38,-86.0,32.0,188.0
2718,5,1,0.1,45,39,44.29,-22.02,91.86
2711,5,1,0.1,42,39,49.95,-44.26,205.12
2556,5,1,0.1,43,37,-53.0,64.0,69.24
1107,4,1,1.0,43,36,56.74,-10.89,-748.79
1110,4,1,1.0,45,36,-74.28,81.43,-794.64
1108,4,1,1.0,45,38,37.37,8.07,-691.98
1109,4,1,1.0,42,37,10.25,8.67,-694.09
1162,4,1,1.0,43,37,41.49,13.05,-768.84
1155,4,1,1.0,42,37,56.33,116.3,-761.19
1164,4,1,1.0,45,37,-87.28,80.97,-800.26
1158,4,1,1.0,44,38,13.91,-109.25,-704.4
1160,4,1,1.0,45,37,35.68,-87.7,-764.48
1156,4,1,1.0,43,37,-87.15,-36.44,-742.93
1161,4,1,1.0,43,37,78.17,-103.79,-769.36
1163,4,1,1.0,43,37,53.61,57.9,-791.53
1159,4,1,1.0,45,37,-77.02,-51.39,-758.62
1157,4,1,1.0,43,38,71.02,107.58,-705.03
1165,4,1,1.0,42,37,-8.05,68.97,-710.36
1150,4,1,1.0,43,36,-84.0,-30.0,-608.0
1153,4,1,1.0,45,37,28.0,10.0,-790.0
1103,4,1,1.0,43,39,-131.63,-47.03,-732.27
1152,4,1,1.0,44,37,47.44,116.31,-705.0
1151,4,1,1.0,43,37,-96.0,94.0,-775.0
1210,4,1,0.125,43,38,-3.81,-44.62,-735.19
1211,4,1,0.175,44,36,-26.33,72.35,-773.48
1174,4,1,0.0375,44,36,64.52,41.36,-782.73
1212,4,1,0.1125,44,37,-38.12,107.46,-695.09
1176,4,1,0.0375,45,38,-30.71,-66.39,-657.09
1213,4,1,0.1375,45,37,-67.97,10.28,-757.14
1172,4,1,0.05,43,37,22.18,53.62,-785.82
1173,4,1,0.0375,43,38,-29.08,38.17,-715.19
1170,4,1,0.0375,42,37,95.81,-55.7,-745.39
1175,4,1,0.05,45,37,-24.63,-27.25,-792.41
1171,4,1,0.05,43,36,-91.67,25.97,-605.31
