id:int,event:std::string
0,第二天黑夜势力
4,第二天黑夜势力
5,第一天黑夜势力
8,第二天黑夜势力
10,第二天黑夜势力
11,第二天陨石坠地
16,第一天陨石坠地
18,第一天陨石坠地
20,第二天黑夜势力
21,第一天陨石坠地
28,第二天黑夜势力
29,第一天陨石坠地
32,第二天陨石坠地
33,第二天黑夜势力
35,第一天黑夜势力
37,第二天陨石坠地
43,第一天 蒙格特入侵
45,第二天 蒙格特入侵
46,第二天额外夜晚Boss
47,第二天额外夜晚Boss
52,第二天陨石坠地
53,第一天 蒙格特入侵
57,第二天 蒙格特入侵
58,第一天 蒙格特入侵
61,第一天陨石坠地
63,第一天 蒙格特入侵
67,第二天 蒙格特入侵
68,第二天额外夜晚Boss
70,第一天额外夜晚Boss
71,第一天 蒙格特入侵
72,第二天陨石坠地
78,第一天 蒙格特入侵
82,第二天 玛利斯气泡
83,癫火塔
85,第二天 蒙格特入侵
88,第一天 蒙格特入侵
90,远古魔法塔
94,第一天 玛利斯气泡
96,第二天 玛利斯气泡
99,第一天 玛利斯气泡
102,第一天 蒙格特入侵
104,第二天 玛利斯气泡
106,第一天 玛利斯气泡
109,癫火塔
112,远古魔法塔
113,第一天 蒙格特入侵
115,第二天 玛利斯气泡
117,第二天 蒙格特入侵
121,第一天 格诺斯塔瘟疫
122,第二天 格诺斯塔瘟疫
128,漫步陵庙
134,漫步陵庙
135,第一天黑夜势力
136,第一天 格诺斯塔瘟疫
137,第二天黑夜势力
139,第二天 格诺斯塔瘟疫
140,第一天黑夜势力
143,第二天 格诺斯塔瘟疫
147,漫步陵庙
148,第一天 格诺斯塔瘟疫
150,第二天 格诺斯塔瘟疫
152,漫步陵庙
156,第二天黑夜势力
158,第一天 格诺斯塔瘟疫
160,远古魔法塔
161,第二天 格诺斯塔瘟疫
168,第一天 格诺斯塔瘟疫
173,第一天 格诺斯塔瘟疫
174,远古魔法塔
175,第二天 格诺斯塔瘟疫
177,癫火塔
179,癫火塔
180,癫火塔
181,第一天 格诺斯塔瘟疫
187,第二天 格诺斯塔瘟疫
188,远古魔法塔
191,远古魔法塔
194,第二天 格诺斯塔瘟疫
195,癫火塔
196,第一天 格诺斯塔瘟疫
201,第二天 天秤恶魔诅咒
202,第一天 天秤恶魔诅咒
204,第一天黑夜势力
206,第一天 天秤恶魔诅咒
209,第二天额外夜晚Boss
211,第一天额外夜晚Boss
214,第二天 天秤恶魔诅咒
215,第一天 天秤恶魔诅咒
220,第一天额外夜晚Boss
224,第一天 天秤恶魔诅咒
225,第一天 天秤恶魔诅咒
227,第二天黑夜势力
231,第一天 天秤恶魔诅咒
234,第二天额外夜晚Boss
235,第一天黑夜势力
239,第二天 天秤恶魔诅咒
240,第一天 天秤恶魔诅咒
242,第一天陨石坠地
245,第一天 玛利斯气泡
249,第二天 天秤恶魔诅咒
252,第二天 玛利斯气泡
255,第二天 玛利斯气泡
257,第一天 玛利斯气泡
259,漫步陵庙
260,第二天 玛利斯气泡
262,第二天 天秤恶魔诅咒
266,第一天 玛利斯气泡
267,漫步陵庙
272,第一天 天秤恶魔诅咒
273,漫步陵庙
275,第二天 玛利斯气泡
278,第二天陨石坠地
285,第二天 蒙格特入侵
287,第二天 格诺斯塔瘟疫
288,第二天 蒙格特入侵
292,第一天 玛利斯气泡
293,第一天 玛利斯气泡
295,第二天 天秤恶魔诅咒
296,第二天 格诺斯塔瘟疫
298,第一天 天秤恶魔诅咒
300,第一天 格诺斯塔瘟疫
302,第二天 玛利斯气泡
306,第一天 格诺斯塔瘟疫
309,第二天 蒙格特入侵
312,第二天 天秤恶魔诅咒
313,第一天 蒙格特入侵
316,第二天 玛利斯气泡
319,第二天 天秤恶魔诅咒
1000,第二天 卡莉果冰风暴
1002,第一天 卡莉果冰风暴
1004,第一天 平衡者突袭
1006,第一天 卡莉果冰风暴
1007,癫火塔
1010,第二天 卡莉果冰风暴
1011,第二天 格拉迪乌斯入侵
1012,第一天 格拉迪乌斯入侵
1015,第二天 格拉迪乌斯入侵
1016,第一天额外夜晚Boss
1019,第二天 卡莉果冰风暴
1021,第二天 卡莉果冰风暴
1023,第二天 卡莉果冰风暴
1024,第一天 格拉迪乌斯入侵
1026,癫火塔
1027,第二天 格拉迪乌斯入侵
1029,第二天 玛利斯气泡
1032,第一天 平衡者突袭
1033,第二天 卡莉果冰风暴
1034,第一天 平衡者突袭
1037,第一天 格诺斯塔瘟疫
1038,第一天 卡莉果冰风暴
1040,第二天 格拉迪乌斯入侵
1042,第一天 平衡者突袭
1043,第一天 平衡者突袭
1045,第二天 格诺斯塔瘟疫
1046,癫火塔
1047,癫火塔
1050,第二天 格拉迪乌斯入侵
1053,第一天 平衡者突袭
1054,第一天 平衡者突袭
1055,第一天 天秤恶魔诅咒
1057,第二天 格拉迪乌斯入侵
1059,第二天额外夜晚Boss
1060,第一天 平衡者突袭
1061,第一天 格拉迪乌斯入侵
1064,第一天 平衡者突袭
1066,第二天 天秤恶魔诅咒
1067,第一天 玛利斯气泡
1070,第二天 格拉迪乌斯入侵
1072,第一天 卡莉果冰风暴
1074,第一天 平衡者突袭
1077,第二天 格拉迪乌斯入侵
1079,第二天 卡莉果冰风暴
1080,癫火塔
1081,第二天 格拉迪乌斯入侵
1082,第一天 格拉迪乌斯入侵
1086,第二天 格拉迪乌斯入侵
1087,第二天额外夜晚Boss
1088,第一天 格拉迪乌斯入侵
1089,第一天 卡莉果冰风暴
1092,第二天 格拉迪乌斯入侵
1093,漫步陵庙
1094,第二天 卡莉果冰风暴
1095,第一天 卡莉果冰风暴
1096,第二天陨石坠地
1098,第一天 格拉迪乌斯入侵
1100,第二天黑夜势力
1101,第二天 格拉迪乌斯入侵
1102,第一天额外夜晚Boss
1105,第一天 格拉迪乌斯入侵
1107,第一天 卡莉果冰风暴
1109,漫步陵庙
1110,第二天 卡莉果冰风暴
1111,第一天 格拉迪乌斯入侵
1114,第二天陨石坠地
1116,第二天 格拉迪乌斯入侵
1117,癫火塔
1118,第二天额外夜晚Boss
1119,第二天 卡莉果冰风暴
1120,第一天额外夜晚Boss
1124,癫火塔
1125,第二天 格拉迪乌斯入侵
1126,第二天 卡莉果冰风暴
1129,第二天 格拉迪乌斯入侵
1131,第二天 格拉迪乌斯入侵
1132,第二天 格拉迪乌斯入侵
1133,第二天 格拉迪乌斯入侵
1134,第一天 卡莉果冰风暴
1135,第二天 格拉迪乌斯入侵
1138,第二天 卡莉果冰风暴
1139,远古魔法塔
1140,第一天 格诺斯塔瘟疫
1142,第一天 平衡者突袭
1146,第二天 卡莉果冰风暴
1147,第一天 平衡者突袭
1148,第二天 天秤恶魔诅咒
1149,第一天 卡莉果冰风暴
1151,第一天 平衡者突袭
1152,第一天 蒙格特入侵
1154,第二天 玛利斯气泡
1155,第二天 格拉迪乌斯入侵
1156,第一天 平衡者突袭
1158,第一天 平衡者突袭
1159,第一天 格拉迪乌斯入侵
1160,第二天 天秤恶魔诅咒
1161,第一天 蒙格特入侵
1162,第一天 平衡者突袭
1165,第一天 平衡者突袭
1166,第一天 玛利斯气泡
1167,第二天 卡莉果冰风暴
1170,第一天 平衡者突袭
1171,第二天 格诺斯塔瘟疫
1172,第二天 卡莉果冰风暴
1175,癫火塔
1176,第二天 玛利斯气泡
1178,第二天 卡莉果冰风暴
1179,第二天 格拉迪乌斯入侵
1180,第二天 天秤恶魔诅咒
1182,第一天额外夜晚Boss
1185,第一天额外夜晚Boss
1186,第二天 天秤恶魔诅咒
1187,第二天 卡莉果冰风暴
1188,第一天 玛利斯气泡
1190,第二天额外夜晚Boss
1192,第一天 格诺斯塔瘟疫
1196,第二天 蒙格特入侵
1197,第一天 平衡者突袭
1199,第二天 卡莉果冰风暴
