ID,Name,unknown_0,areaNo,gridXNo,gridZNo,pad,unknown_2,unknown_3,unknown_4,attachPointEntityId,defaultSmallBase,unknown_7a,unknown_7b,unknown_7c,unknown_7d,unknown_8a,unknown_8b,unknown_8c,unknown_8d,unknown_9a,unknown_9b,unknown_9c,unknown_9d,unknown_10a,unknown_10b,unknown_10c,unknown_10d,unknown_11a,unknown_11b,unknown_11c,unknown_11d,unknown_12a,unknown_12b,unknown_12c,unknown_12d,unknown_13,posX,posY,posZ,unknown_17,unknown_18,unknown_19a,unknown_19b,unknown_19c,unknown_19d,unknown_20,unknown_21,unknown_22a,unknown_22b,unknown_22c,unknown_22d,unknown_23a,unknown_23b,unknown_23c,unknown_23d,unknown_24,
100,Major Base - Gatefront,1,60,42,37,0,0,15,701,1042372999,2010,1,1,1,0,0,0,0,0,0,0,0,0,0,0,0,0,0,0,0,0,0,0,0,0,0,108,89,50,-55,0,1,0,0,0,0,0,0,0,0,0,0,0,0,0,0
101,Major Base - Groveside,1,60,42,37,0,0,15,700,1042372998,2000,1,1,1,0,0,0,0,0,0,0,0,0,0,0,0,0,0,0,0,0,0,0,0,0,0,45,98,-107,70,0,1,0,0,0,0,0,0,0,0,0,0,0,0,0,0
103,Major Base - Northwest Stormhill,1,60,42,39,0,0,11,0,1042392999,2030,1,1,1,0,0,0,0,0,0,0,0,0,0,0,0,0,0,0,0,0,0,0,0,0,0,-30,192,-45,5,0,1,0,0,0,0,0,0,0,0,0,0,0,0,0,0
104,Major Base - South Lake,1,60,43,36,0,0,15,0,1043362999,2040,1,1,1,0,0,0,0,0,0,0,0,0,0,0,0,0,0,0,0,0,0,0,0,0,0,-29,65,-49,180,0,1,0,0,0,0,0,0,0,0,0,0,0,0,0,0
106,Major Base - Alexander Spot,1,60,43,39,0,0,11,12,1043392999,2050,1,1,1,0,0,0,0,0,0,0,0,0,0,0,0,0,0,0,0,0,0,0,0,0,0,0,176,-77,0,0,1,0,0,0,0,0,0,0,0,0,0,0,0,0,0
107,Major Base - Northeast Stormhill,1,60,43,39,0,0,11,12,1043392998,2060,1,1,1,0,0,0,0,0,0,0,0,0,0,0,0,0,0,0,0,0,0,0,0,0,0,-24,198,111,40,0,1,0,0,0,0,0,0,0,0,0,0,0,0,0,0
108,Major Base - Waypoint Ruins,1,60,44,36,0,0,13,704,1044362999,2070,1,1,1,0,0,0,0,0,0,0,0,0,0,0,0,0,0,0,0,0,0,0,0,0,0,-22,79,-72,170,705,1,0,0,0,0,0,0,0,0,0,0,0,0,0,0
109,Major Base - West Mistwood,1,60,44,37,0,0,13,0,1044372999,2080,1,1,1,0,0,0,0,0,0,0,0,0,0,0,0,0,0,0,0,0,0,0,0,0,0,75,30,-9,-135,0,1,0,0,0,0,0,0,0,0,0,0,0,0,0,0
110,Major Base - Artist's Shack,1,60,44,38,0,0,12,0,1044382999,2100,1,1,1,0,0,0,0,0,0,0,0,0,0,0,0,0,0,0,0,0,0,0,0,0,0,2,85,-13,44,0,1,0,0,0,0,0,0,0,0,0,0,0,0,0,0
111,Major Base - Northwest Mistwood,1,60,44,38,0,0,12,708,1044382998,2090,1,1,1,0,0,0,0,0,0,0,0,0,0,0,0,0,0,0,0,0,0,0,0,0,0,126,32,-70,55,0,1,0,0,0,0,0,0,0,0,0,0,0,0,0,0
112,Major Base - Summonwater Approach,1,60,44,39,0,0,12,706,1044392999,2110,1,1,1,0,0,0,0,0,0,0,0,0,0,0,0,0,0,0,0,0,0,0,0,0,0,73,110,-64,-45,0,1,0,0,0,0,0,0,0,0,0,0,0,0,0,0
113,Major Base - South Mistwood,1,60,45,36,0,0,13,0,1045362999,2120,1,1,1,0,0,0,0,0,0,0,0,0,0,0,0,0,0,0,0,0,0,0,0,0,0,-5,16,20,-180,0,1,0,0,0,0,0,0,0,0,0,0,0,0,0,0
114,Major Base - Minor Erdtree,1,60,45,37,0,0,13,707,1045372999,2130,1,1,1,0,0,0,0,0,0,0,0,0,0,0,0,0,0,0,0,0,0,0,0,0,0,4,22,-68,62,0,1,0,0,0,0,0,0,0,0,0,0,0,0,0,0
116,Major Base - Northeast Mistwood,1,60,45,38,0,0,0,0,1045382999,2140,1,1,1,0,0,0,0,0,0,0,0,0,0,0,0,0,0,0,0,0,0,0,0,0,0,44,12,97,70,0,1,0,0,0,0,0,0,0,0,0,0,0,0,0,0
117,Major Base - Summonwater,1,60,45,39,0,0,0,0,1045392999,2150,1,1,1,0,0,0,0,0,0,0,0,0,0,0,0,0,0,0,0,0,0,0,0,0,0,-56,95,54,72,0,1,0,0,0,0,0,0,0,0,0,0,0,0,0,0
118,,0,60,43,38,0,0,0,0,1043382990,-1,0,0,0,0,0,0,0,0,0,0,0,0,0,0,0,0,0,0,0,0,0,0,0,0,0,-128,188,92,-130,0,0,0,0,0,0,0,0,0,0,0,0,0,0,0,0
119,,0,60,43,39,0,0,0,0,1043392990,-1,0,0,0,0,0,0,0,0,0,0,0,0,0,0,0,0,0,0,0,0,0,0,0,0,0,0,176,-77,-140,0,0,0,0,0,0,0,0,0,0,0,0,0,0,0,0
120,Major Base - Stormhill North of Gate,1,60,42,38,0,0,11,702,1042382999,2020,1,1,1,0,0,0,0,0,0,0,0,0,0,0,0,0,0,0,0,0,0,0,0,0,0,53,143,-44,-55,703,1,0,0,0,0,0,0,0,0,0,0,0,0,0,0
121,Starter Major Base - Groveside,1,60,42,37,0,700,15,0,1042372601,-1,0,0,0,0,0,0,0,0,0,0,0,0,0,0,0,0,0,0,0,0,0,0,0,0,0,45,98,-107,70,0,0,1,1,0,0,0,0,0,0,0,0,0,0,0,0
122,Starter Major Base - Gatefront,1,60,42,37,0,701,15,0,1042372602,-1,0,0,0,0,0,0,0,0,0,0,0,0,0,0,0,0,0,0,0,0,0,0,0,0,0,108,89,50,-55,0,0,1,1,0,0,0,0,0,0,0,0,0,0,0,0
123,Starter Major Base - Stormhill North of Gate,1,60,42,38,0,702,11,0,1042382601,-1,0,0,0,0,0,0,0,0,0,0,0,0,0,0,0,0,0,0,0,0,0,0,0,0,0,53,143,-44,-55,0,0,1,1,0,0,0,0,0,0,0,0,0,0,0,0
124,Starter Major Base - Stormhill North of Gate Alt,1,60,42,38,0,703,11,12,1042382602,-1,0,0,0,0,0,0,0,0,0,0,0,0,0,0,0,0,0,0,0,0,0,0,0,0,0,53,143,-44,-55,0,0,1,1,0,0,0,0,0,0,0,0,0,0,0,0
125,Starter Major Base - Waypoint Ruins,1,60,44,36,0,704,13,0,1044362601,-1,0,0,0,0,0,0,0,0,0,0,0,0,0,0,0,0,0,0,0,0,0,0,0,0,0,45,87,98,170,0,0,1,1,0,0,0,0,0,0,0,0,0,0,0,0
126,Starter Major Base - Waypoint Ruins Alt,1,60,44,36,0,705,13,0,1044362602,-1,0,0,0,0,0,0,0,0,0,0,0,0,0,0,0,0,0,0,0,0,0,0,0,0,0,45,87,98,170,0,0,1,1,0,0,0,0,0,0,0,0,0,0,0,0
127,Starter Major Base - Summonwater Approach,1,60,44,39,0,706,12,0,1044392601,-1,0,0,0,0,0,0,0,0,0,0,0,0,0,0,0,0,0,0,0,0,0,0,0,0,0,73,110,-64,-45,0,0,1,1,0,0,0,0,0,0,0,0,0,0,0,0
128,Starter Major Base - Minor Erdtree,1,60,45,37,0,707,13,0,1045372601,-1,0,0,0,0,0,0,0,0,0,0,0,0,0,0,0,0,0,0,0,0,0,0,0,0,0,4,22,-68,62,0,0,1,1,0,0,0,0,0,0,0,0,0,0,0,0
129,Starter Major Base - Northwest Mistwood,1,60,44,38,0,708,0,0,1044382601,-1,0,0,0,0,0,0,0,0,0,0,0,0,0,0,0,0,0,0,0,0,0,0,0,0,0,126,32,-70,55,0,0,1,1,0,0,0,0,0,0,0,0,0,0,0,0
190,Castle - Castle,1,60,43,37,0,0,15,0,1043372950,-1,0,0,0,0,0,0,0,0,0,0,0,0,0,0,0,0,0,0,0,0,0,0,0,0,0,89.7,79.15,62.66,0,0,0,0,0,1,0,0,0,0,0,0,0,0,0,0,0
300,Minor Base - Far Southwest,1,60,42,36,0,0,15,700,1042362980,-1,0,0,0,0,0,0,0,0,0,0,0,0,1,1,0,1,1,1,1,0,0,0,0,0,0,-74,92,62,-83,0,0,0,0,0,0,0,0,0,0,0,0,0,0,0,0
301,Minor Base - Stormhill South of Gate,1,60,42,37,0,0,15,701,1042372980,-1,0,0,0,0,0,0,0,0,0,0,0,0,1,1,0,1,1,1,1,0,0,0,0,0,0,-66,159,44,142,0,0,0,0,0,0,0,0,0,0,0,0,0,0,0,0
302,Minor Base - West of Warmaster's Shack,1,60,42,38,0,0,11,702,1042382980,-1,0,0,0,0,0,0,0,0,0,0,0,0,1,1,0,1,1,1,1,0,0,0,0,0,0,-48,192,98.46,47,0,0,0,0,0,0,0,0,0,0,0,0,0,0,0,0
305,Minor Base - Lake,1,60,43,36,0,0,15,0,1043362980,-1,0,0,0,0,0,0,0,0,0,0,0,0,1,1,0,1,1,1,1,0,0,0,0,0,0,57,64,85,37,0,0,0,0,0,0,0,0,0,0,0,0,0,0,0,0
306,Minor Base - Above Stormhill Tunnel Entrance,1,60,43,38,0,0,11,12,1043382980,-1,0,0,0,0,0,0,0,0,0,0,0,0,1,1,0,1,1,1,1,0,0,0,0,0,0,-86,188,32,-180,703,0,0,0,0,0,0,0,0,0,0,0,0,0,0,0
307,Minor Base - Southeast of Lake,1,60,44,36,0,0,13,704,1044362980,-1,0,0,0,0,0,0,0,0,0,0,0,0,1,1,0,1,1,1,1,0,0,0,0,0,0,45,87,98,115,0,0,0,0,0,0,0,0,0,0,0,0,0,0,0,0
308,Minor Base - East of Cavalry Bridge,1,60,44,37,0,0,13,705,1044372980,-1,0,0,0,0,0,0,0,0,0,0,0,0,1,1,0,1,1,1,1,0,0,0,0,0,0,-52,87,-76,80,0,0,0,0,0,0,0,0,0,0,0,0,0,0,0,0
309,Rotted Woods - Center West,0,60,44,37,3,13,0,0,1047302935,-1,0,0,0,0,1,0,0,0,0,0,0,0,0,0,0,0,0,0,0,0,0,0,0,0,0,34.33,55.36,-58.97,-140,0,0,0,0,0,0,0,0,1,0,0,0,0,0,0,0
310,Minor Base - Northeast of Saintsbridge,1,60,44,39,0,0,12,706,1044392980,-1,0,0,0,0,0,0,0,0,0,0,0,0,1,1,0,1,1,1,1,0,0,0,0,0,0,-72,153,44,30,0,0,0,0,0,0,0,0,0,0,0,0,0,0,0,0
312,Minor Base - Minor Erdtree,1,60,45,37,0,0,13,707,1045372980,-1,0,0,0,0,0,0,0,0,0,0,0,0,1,1,0,1,1,1,1,0,0,0,0,0,0,86,24,4,90,0,0,0,0,0,0,0,0,0,0,0,0,0,0,0,0
313,Minor Base - Third Church,1,60,45,38,0,0,0,0,1045382980,-1,0,0,0,0,0,0,0,0,0,0,0,0,1,1,0,1,1,1,1,0,0,0,0,0,0,39,35,-9,85,0,0,0,0,0,0,0,0,0,0,0,0,0,0,0,0
314,Minor Base - Below Summonwater Hawk,1,60,45,38,0,0,0,708,1045382981,-1,0,0,0,0,0,0,0,0,0,0,0,0,1,1,0,1,1,1,1,0,0,0,0,0,0,-86,58,81,-20,0,0,0,0,0,0,0,0,0,0,0,0,0,0,0,0
315,Rotted Woods - Southwest,0,60,44,36,3,13,0,0,1046302935,-1,0,0,0,0,1,0,0,0,0,0,0,0,0,0,0,0,0,0,0,0,0,0,0,0,1,99.06,52.34,12.58,-10,0,0,0,0,0,0,0,0,1,0,0,0,0,0,0,0
316,Rotted Woods - Northwest,0,60,44,37,3,13,0,0,1047302936,-1,0,0,0,0,1,0,0,0,0,0,0,0,0,0,0,0,0,0,0,0,0,0,0,0,1,72.97,50.38,39.88,135,0,0,0,0,0,0,0,0,1,0,0,0,0,0,0,0
317,Rotted Woods - Far Northwest,0,60,44,37,3,13,0,0,1047302937,-1,0,0,0,0,1,0,0,0,0,0,0,0,0,0,0,0,0,0,0,0,0,0,0,0,1,-13.58,62.97,28.39,-165,0,0,0,0,0,0,0,0,1,0,0,0,0,0,0,0
318,Rotted Woods - Center East,0,60,45,37,3,13,0,0,1057302930,-1,0,0,0,0,1,0,0,0,0,0,0,0,0,0,0,0,0,0,0,0,0,0,0,0,1,-40.77,36.06,-83.51,152,0,0,0,0,0,0,0,0,1,0,0,0,0,0,0,0
319,Rotted Woods - Far Northeast,0,60,45,37,3,13,0,0,1057302931,-1,0,0,0,0,1,0,0,0,0,0,0,0,0,0,0,0,0,0,0,0,0,0,0,0,1,49.5,28.71,46.28,102,0,0,0,0,0,0,0,0,1,0,0,0,0,0,0,0
320,Rotted Woods - Northeast,0,60,45,37,3,13,0,0,1057302932,-1,0,0,0,0,1,0,0,0,0,0,0,0,0,0,0,0,0,0,0,0,0,0,0,0,1,25.51,34.23,-25.69,147,0,0,0,0,0,0,0,0,1,0,0,0,0,0,0,0
321,Minor Base - Rotted Church,0,60,45,37,3,13,0,0,1057302933,-1,0,0,0,0,0,0,0,0,0,0,0,0,0,0,0,0,0,0,0,0,0,0,0,0,1,-112.99,39.32,-33.61,167,0,0,0,0,0,0,0,1,0,0,0,0,0,0,0,0
322,Rotted Woods - Southeast,0,60,45,36,3,13,0,0,1056302500,-1,0,0,0,0,1,0,0,0,0,0,0,0,0,0,0,0,0,0,0,0,0,0,0,0,1,53.98,55.52,92.46,0,0,0,0,0,0,0,0,0,1,0,0,0,0,0,0,0
350,Starter Minor Base - Far Southwest,1,60,42,36,0,700,15,0,1042362600,-1,0,0,0,0,0,0,0,0,0,0,0,0,0,0,0,0,0,0,0,0,1,0,0,0,0,-74,92,62,-83,0,0,0,0,0,0,0,0,0,0,0,0,0,1,0,0
351,Starter Minor Base - Stormhill South of Gate,1,60,42,37,0,701,15,0,1042372600,-1,0,0,0,0,0,0,0,0,0,0,0,0,0,0,0,0,0,0,0,0,1,0,0,0,0,-66,159,44,142,0,0,0,0,0,0,0,0,0,0,0,0,0,1,0,0
352,Starter Minor Base - West of Warmaster's Shack,1,60,42,38,0,702,11,0,1042382600,-1,0,0,0,0,0,0,0,0,0,0,0,0,0,0,0,0,0,0,0,0,1,0,0,0,0,-48,192,98.46,47,0,0,0,0,0,0,0,0,0,0,0,0,0,1,0,0
356,Starter Minor Base - Above Stormhill Tunnel Entrance,1,60,43,38,0,703,11,12,1043382600,-1,0,0,0,0,0,0,0,0,0,0,0,0,0,0,0,0,0,0,0,0,1,0,0,0,0,-86,188,32,-180,0,0,0,0,0,0,0,0,0,0,0,0,0,1,0,0
357,Starter Minor Base - Southeast of Lake,1,60,44,36,0,704,13,0,1044362600,-1,0,0,0,0,0,0,0,0,0,0,0,0,0,0,0,0,0,0,0,0,1,0,0,0,0,-22,79,-72,170,0,0,0,0,0,0,0,0,0,0,0,0,0,1,0,0
358,Starter Minor Base - East of Cavalry Bridge,1,60,44,37,0,705,13,0,1044372600,-1,0,0,0,0,0,0,0,0,0,0,0,0,0,0,0,0,0,0,0,0,1,0,0,0,0,-52,87,-76,80,0,0,0,0,0,0,0,0,0,0,0,0,0,1,0,0
360,Starter Minor Base - Northeast of Saintsbridge,1,60,44,39,0,706,12,0,1044392600,-1,0,0,0,0,0,0,0,0,0,0,0,0,0,0,0,0,0,0,0,0,1,0,0,0,0,-72,153,44,30,0,0,0,0,0,0,0,0,0,0,0,0,0,1,0,0
362,Starter Minor Base - Minor Erdtree,1,60,45,37,0,707,13,0,1045372600,-1,0,0,0,0,0,0,0,0,0,0,0,0,0,0,0,0,0,0,0,0,1,0,0,0,0,86,24,4,90,0,0,0,0,0,0,0,0,0,0,0,0,0,1,0,0
364,Starter Minor Base - Below Summonwater Hawk,1,60,45,38,0,708,0,0,1045382600,-1,0,0,0,0,0,0,0,0,0,0,0,0,0,0,0,0,0,0,0,0,1,0,0,0,0,-86,58,81,-20,0,0,0,0,0,0,0,0,0,0,0,0,0,1,0,0
365,,0,60,44,39,0,0,0,0,1044392982,-1,0,0,0,0,0,0,0,0,0,0,0,0,0,0,0,0,0,0,0,0,0,0,0,0,0,19.462,135,44,35,0,0,0,0,0,0,0,0,0,0,0,0,0,0,0,0
500,Night Boss - Southwest Corner,1,60,42,36,0,0,15,0,1042362990,-1,0,0,0,0,0,0,0,0,1,1,0,0,0,0,0,0,0,0,0,0,0,0,0,0,1,26,79,-4,0,0,0,0,0,0,0,0,0,0,0,0,0,0,0,0,0
502,Night Boss - West Stormhill Graveyard,1,60,42,38,0,0,11,0,1042382990,-1,0,0,0,0,0,0,0,0,1,1,0,0,0,0,0,0,0,0,0,0,0,0,0,0,1,-54,191.93,21,0,0,0,0,0,0,0,0,0,0,0,0,0,0,0,0,0
503,Night Boss - South Lake,1,60,43,36,0,0,15,0,1043362990,-1,0,0,0,0,0,0,0,0,1,1,0,0,0,0,0,0,0,0,0,0,0,0,0,0,1,88,64.81,-29,0,0,0,0,0,0,0,0,0,0,0,0,0,0,0,0,0
504,Night Boss - Northwest Lake,1,60,43,36,0,0,15,0,1043362991,-1,0,0,0,0,0,0,0,0,1,1,0,0,0,0,0,0,0,0,0,0,0,0,0,0,1,-75,64.81,88,0,0,0,0,0,0,0,0,0,0,0,0,0,0,0,0,0
505,Night Boss - South of Castle,1,60,43,37,0,0,15,0,1043372990,-1,0,0,0,0,0,0,0,0,1,1,0,0,0,0,0,0,0,0,0,0,0,0,0,0,1,17,86.31,-58,0,0,0,0,0,0,0,0,0,0,0,0,0,0,0,0,0
506,Night Boss - Northwest of Castle,1,60,43,38,0,0,11,12,1043382991,-1,0,0,0,0,0,0,0,0,1,1,0,0,0,0,0,0,0,0,0,0,0,0,0,0,1,-84,131.22,-62,0,0,0,0,0,0,0,0,0,0,0,0,0,0,0,0,0
507,Night Boss - Northeast of Lake,1,60,44,37,0,0,13,15,1044372990,-1,0,0,0,0,0,0,0,0,1,1,0,0,0,0,0,0,0,0,0,0,0,0,0,0,1,-53,69.24,64,0,0,0,0,0,0,0,0,0,0,0,0,0,0,0,0,0
509,Night Boss - East of Saintsbridge,1,60,44,39,0,0,12,0,1044392990,-1,0,0,0,0,0,0,0,0,1,1,0,0,0,0,0,0,0,0,0,0,0,0,0,0,1,-34,136.97,-22,45.87,0,0,0,0,0,0,0,0,0,0,0,0,0,0,0,0
510,Night Boss - Noklateo Entrance,1,60,43,37,5,15,0,0,1037502990,-1,0,0,0,0,0,0,0,0,1,1,0,0,0,0,0,0,0,0,0,0,0,0,0,0,1,36.38,89.4,41.32,0,0,0,0,0,0,0,0,0,0,0,0,0,0,0,0,0
511,Night Boss - Northeast Corner,1,60,45,39,0,0,0,0,1045392990,-1,0,0,0,0,0,0,0,0,1,1,0,0,0,0,0,0,0,0,0,0,0,0,0,0,1,82,97.26,18,0,0,0,0,0,0,0,0,0,0,0,0,0,0,0,0,0
512,Night Boss - Southwest Mistwood,1,60,45,36,0,0,13,0,1045362998,-1,0,0,0,0,0,0,0,0,1,1,0,0,0,0,0,0,0,0,0,0,0,0,0,0,1,-88,24.28,96,0,0,0,0,0,0,0,0,0,0,0,0,0,0,0,0,0
513,Night Boss - Northwest Mistwood Pond,1,60,45,37,0,0,13,0,1045372998,-1,0,0,0,0,0,0,0,0,1,1,0,0,0,0,0,0,0,0,0,0,0,0,0,0,1,-90.47,20.61,96.33,0,0,0,0,0,0,0,0,0,0,0,0,0,0,0,0,0
514,Night Boss - Southeast Rotted Woods,0,60,44,36,3,13,0,0,1046302989,-1,0,0,0,0,0,0,0,0,1,1,0,0,0,0,0,0,0,0,0,0,0,0,0,0,1,48.9,47,91.35,0,0,0,0,0,0,0,0,0,0,0,0,0,0,0,0,0
515,Night Boss - Northwest Rotted Woods,0,60,45,37,3,13,0,0,1057302989,-1,0,0,0,0,0,0,0,0,1,1,0,0,0,0,0,0,0,0,0,0,0,0,0,0,1,-30.53,28.19,53.87,0,0,0,0,0,0,0,0,0,0,0,0,0,0,0,0,0
516,Night Boss - Southeast Mountaintop,0,60,43,38,1,11,0,0,1038102990,-1,0,0,0,0,0,0,0,0,1,1,0,0,0,0,0,0,0,0,0,0,0,0,0,0,1,-26.54,177.21,35.82,0,0,0,0,0,0,0,0,0,0,0,0,0,0,0,0,0
517,Night Boss - North of Crater,0,60,43,39,2,12,0,0,1039202910,-1,0,0,0,0,0,0,0,0,1,1,0,0,0,0,0,0,0,0,0,0,0,0,0,0,1,88.99,108.531,96.707,0,0,0,0,0,0,0,0,0,0,0,0,0,0,0,0,0
518,Night Boss - Northwest Corner,1,60,42,39,0,0,11,0,1042392989,-1,0,0,0,0,0,0,0,0,1,1,0,0,0,0,0,0,0,0,0,0,0,0,0,0,1,-54.12,204.3,61.66,0,0,0,0,0,0,0,0,0,0,0,0,0,0,0,0,0
519,,1,60,44,37,5,15,0,0,1047502990,-1,0,0,0,0,0,0,0,0,1,1,0,0,0,0,0,0,0,0,0,0,0,0,0,0,1,-53,69.24,64,0,0,0,0,0,0,0,0,0,0,0,0,0,0,0,0,0
520,Event - Gnoster- Southwest Corner,0,60,42,36,0,0,15,0,1042362650,-1,0,0,0,0,0,0,0,0,0,0,0,0,0,0,0,0,0,0,0,0,0,0,0,0,1,26,79,-4,0,0,0,0,0,0,0,0,0,0,1,0,0,0,0,0,0
521,Event - Gnoster- West Stormhill Graveyard,0,60,42,38,0,0,11,0,1042382650,-1,0,0,0,0,0,0,0,0,0,0,0,0,0,0,0,0,0,0,0,0,0,0,0,0,1,-54,191.93,21,0,0,0,0,0,0,0,0,0,0,1,0,0,0,0,0,0
522,Event - Gnoster- Southeast Lake,0,60,43,36,0,0,15,0,1043362650,-1,0,0,0,0,0,0,0,0,0,0,0,0,0,0,0,0,0,0,0,0,0,0,0,0,1,88,64.81,-29,0,0,0,0,0,0,0,0,0,0,1,0,0,0,0,0,0
523,Event - Gnoster- Northwest Lake,0,60,43,36,0,0,15,0,1043362652,-1,0,0,0,0,0,0,0,0,0,0,0,0,0,0,0,0,0,0,0,0,0,0,0,0,1,-75,64.81,88,0,0,0,0,0,0,0,0,0,0,1,0,0,0,0,0,0
524,Event - Gnoster- South of Castle,0,60,43,37,0,0,15,0,1043372651,-1,0,0,0,0,0,0,0,0,0,0,0,0,0,0,0,0,0,0,0,0,0,0,0,0,1,17,86.31,-58,0,0,0,0,0,0,0,0,0,0,1,0,0,0,0,0,0
525,Event - Gnoster- Northwest of Castle,0,60,43,38,0,0,11,12,1043382650,-1,0,0,0,0,0,0,0,0,0,0,0,0,0,0,0,0,0,0,0,0,0,0,0,0,1,-84,131.22,-62,0,0,0,0,0,0,0,0,0,0,1,0,0,0,0,0,0
526,Event - Gnoster- Castle Front,0,60,44,37,0,0,13,15,1044372650,-1,0,0,0,0,0,0,0,0,0,0,0,0,0,0,0,0,0,0,0,0,0,0,0,0,1,-53,69.24,64,0,0,0,0,0,0,0,0,0,0,1,0,0,0,0,0,0
527,Event - Gnoster- East of Saintsbridge,0,60,44,39,0,0,12,0,1044392640,-1,0,0,0,0,0,0,0,0,0,0,0,0,0,0,0,0,0,0,0,0,0,0,0,0,1,-34,136.97,-22,45.87,0,0,0,0,0,0,0,0,0,1,0,0,0,0,0,0
528,Event - Gnoster- Northeast Corner,0,60,45,39,0,0,0,0,1045392650,-1,0,0,0,0,0,0,0,0,0,0,0,0,0,0,0,0,0,0,0,0,0,0,0,0,1,82,97.26,18,0,0,0,0,0,0,0,0,0,0,1,0,0,0,0,0,0
529,Event - Gnoster- Southwest Mistwood,0,60,45,36,0,0,13,0,1045362650,-1,0,0,0,0,0,0,0,0,0,0,0,0,0,0,0,0,0,0,0,0,0,0,0,0,1,-88,24.28,96,0,0,0,0,0,0,0,0,0,0,1,0,0,0,0,0,0
530,Event - Gnoster- Northwest Mistwood,0,60,45,37,0,0,13,0,1045372650,-1,0,0,0,0,0,0,0,0,0,0,0,0,0,0,0,0,0,0,0,0,0,0,0,0,1,-90.47,20.61,96.33,0,0,0,0,0,0,0,0,0,0,1,0,0,0,0,0,0
531,,0,60,44,36,3,13,0,0,1046302650,-1,0,0,0,0,0,0,0,0,0,0,0,0,0,0,0,0,0,0,0,0,0,0,0,0,1,48.9,47,91.35,0,0,0,0,0,0,0,0,0,0,1,0,0,0,0,0,0
532,Event - Gnoster- Northwest Rotted Woods,0,60,45,37,3,13,0,0,1057302650,-1,0,0,0,0,0,0,0,0,0,0,0,0,0,0,0,0,0,0,0,0,0,0,0,0,1,-30.53,28.19,53.87,0,0,0,0,0,0,0,0,0,0,1,0,0,0,0,0,0
533,Event - Gnoster- Southeast Mountaintop,0,60,43,38,1,11,0,0,1038102650,-1,0,0,0,0,0,0,0,0,0,0,0,0,0,0,0,0,0,0,0,0,0,0,0,0,1,-26.54,177.21,35.82,0,0,0,0,0,0,0,0,0,0,1,0,0,0,0,0,0
534,Event - Gnoster- North of Crater,0,60,43,39,2,12,0,0,1039202650,-1,0,0,0,0,0,0,0,0,0,0,0,0,0,0,0,0,0,0,0,0,0,0,0,0,1,88.99,108.531,96.707,0,0,0,0,0,0,0,0,0,0,1,0,0,0,0,0,0
535,Event - Gnoster- East of Noklateo Entrance,0,60,44,37,5,15,0,0,1047502650,-1,0,0,0,0,0,0,0,0,0,0,0,0,0,0,0,0,0,0,0,0,0,0,0,0,1,-53,69.24,64,0,0,0,0,0,0,0,0,0,0,1,0,0,0,0,0,0
536,Event - Gnoster- Noklateo Entrance,0,60,43,37,5,15,0,0,1037502650,-1,0,0,0,0,0,0,0,0,0,0,0,0,0,0,0,0,0,0,0,0,0,0,0,0,1,36.38,89.4,41.32,0,0,0,0,0,0,0,0,0,0,1,0,0,0,0,0,0
540,Event - Morgott- Southwest Corner,1,60,42,36,0,0,15,0,1042362995,-1,0,0,0,0,0,0,0,0,0,0,0,0,0,0,0,0,0,0,0,1,0,0,0,0,1,26,79,-4,0,0,0,0,0,0,0,0,0,0,0,0,0,0,0,0,0
541,Event - Morgott- West Stormhill Graveyard,1,60,42,38,0,0,11,0,1042382997,-1,0,0,0,0,0,0,0,0,0,0,0,0,0,0,0,0,0,0,0,1,0,0,0,0,1,-54,191.93,21,0,0,0,0,0,0,0,0,0,0,0,0,0,0,0,0,0
542,Event - Morgott- Southeast Lake,1,60,43,36,0,0,15,0,1043362996,-1,0,0,0,0,0,0,0,0,0,0,0,0,0,0,0,0,0,0,0,1,0,0,0,0,1,88,64.81,-29,0,0,0,0,0,0,0,0,0,0,0,0,0,0,0,0,0
543,Event - Morgott- Northwest Lake,1,60,43,36,0,0,15,0,1043362988,-1,0,0,0,0,0,0,0,0,0,0,0,0,0,0,0,0,0,0,0,1,0,0,0,0,1,-75,64.81,88,0,0,0,0,0,0,0,0,0,0,0,0,0,0,0,0,0
544,Event - Morgott- South of Castle,1,60,43,37,0,0,15,0,1043372988,-1,0,0,0,0,0,0,0,0,0,0,0,0,0,0,0,0,0,0,0,1,0,0,0,0,1,17,86.31,-58,0,0,0,0,0,0,0,0,0,0,0,0,0,0,0,0,0
545,Event - Morgott- Northwest of Castle,1,60,43,38,0,0,11,12,1043382995,-1,0,0,0,0,0,0,0,0,0,0,0,0,0,0,0,0,0,0,0,1,0,0,0,0,1,-84,131.22,-62,0,0,0,0,0,0,0,0,0,0,0,0,0,0,0,0,0
546,Event - Morgott- Castle Front,1,60,44,37,0,0,13,15,1044372994,-1,0,0,0,0,0,0,0,0,0,0,0,0,0,0,0,0,0,0,0,1,0,0,0,0,1,-53,69.24,64,0,0,0,0,0,0,0,0,0,0,0,0,0,0,0,0,0
547,Event - Morgott- East of Saintsbridge,1,60,44,39,0,0,12,0,1044392995,-1,0,0,0,0,0,0,0,0,0,0,0,0,0,0,0,0,0,0,0,1,0,0,0,0,1,-34,136.97,-22,45.87,0,0,0,0,0,0,0,0,0,0,0,0,0,0,0,0
548,Event - Morgott- Northeast Corner,1,60,45,39,0,0,0,0,1045392995,-1,0,0,0,0,0,0,0,0,0,0,0,0,0,0,0,0,0,0,0,1,0,0,0,0,1,82,97.26,18,0,0,0,0,0,0,0,0,0,0,0,0,0,0,0,0,0
549,Event - Morgott- Southwest Mistwood,1,60,45,36,0,0,13,0,1045362988,-1,0,0,0,0,0,0,0,0,0,0,0,0,0,0,0,0,0,0,0,1,0,0,0,0,1,-88,24.28,96,0,0,0,0,0,0,0,0,0,0,0,0,0,0,0,0,0
550,Event - Morgott- Northwest Mistwood,1,60,45,37,0,0,13,0,1045372996,-1,0,0,0,0,0,0,0,0,0,0,0,0,0,0,0,0,0,0,0,1,0,0,0,0,1,-90.47,20.61,96.33,0,0,0,0,0,0,0,0,0,0,0,0,0,0,0,0,0
551,Event - Morgott- Southeast Rotted Woods,0,60,44,36,3,13,0,0,1046302980,-1,0,0,0,0,0,0,0,0,0,0,0,0,0,0,0,0,0,0,0,1,0,0,0,0,1,48.9,47,91.35,0,0,0,0,0,0,0,0,0,0,0,0,0,0,0,0,0
552,Event - Morgott- Northwest Rotted Woods,0,60,45,37,3,13,0,0,1057302980,-1,0,0,0,0,0,0,0,0,0,0,0,0,0,0,0,0,0,0,0,1,0,0,0,0,1,-30.53,28.19,53.87,0,0,0,0,0,0,0,0,0,0,0,0,0,0,0,0,0
553,Event - Morgott- Southeast Mountaintop,0,60,43,38,1,11,0,0,1038102985,-1,0,0,0,0,0,0,0,0,0,0,0,0,0,0,0,0,0,0,0,1,0,0,0,0,1,-26.54,177.21,35.82,0,0,0,0,0,0,0,0,0,0,0,0,0,0,0,0,0
554,Event - Morgott- North of Crater,0,60,43,39,2,12,0,0,1039202980,-1,0,0,0,0,0,0,0,0,0,0,0,0,0,0,0,0,0,0,0,1,0,0,0,0,1,88.99,108.531,96.707,0,0,0,0,0,0,0,0,0,0,0,0,0,0,0,0,0
555,Event - Morgott- East of Noklateo Entrance,0,60,44,37,5,15,0,0,1047502994,-1,0,0,0,0,0,0,0,0,0,0,0,0,0,0,0,0,0,0,0,1,0,0,0,0,1,-53,69.24,64,0,0,0,0,0,0,0,0,0,0,0,0,0,0,0,0,0
556,Event - Morgott- Noklateo Entrance,0,60,43,37,5,15,0,0,1037502994,-1,0,0,0,0,0,0,0,0,0,0,0,0,0,0,0,0,0,0,0,1,0,0,0,0,1,36.38,89.4,41.32,0,0,0,0,0,0,0,0,0,0,0,0,0,0,0,0,0
560,Event - Maris- Southwest Corner,0,60,42,36,0,0,15,0,1042362996,-1,0,0,0,0,0,0,0,0,0,0,0,0,0,0,1,0,0,0,0,0,0,0,0,0,1,26,79,-4,0,0,0,0,0,0,0,0,0,0,0,0,0,0,0,0,0
561,Event - Maris- West Stormhill Graveyard,0,60,42,38,0,0,11,0,1042382998,-1,0,0,0,0,0,0,0,0,0,0,0,0,0,0,1,0,0,0,0,0,0,0,0,0,1,-54,191.93,21,0,0,0,0,0,0,0,0,0,0,0,0,0,0,0,0,0
562,Event - Maris- Southeast Lake,0,60,43,36,0,0,15,0,1043362997,-1,0,0,0,0,0,0,0,0,0,0,0,0,0,0,1,0,0,0,0,0,0,0,0,0,1,88,64.81,-29,0,0,0,0,0,0,0,0,0,0,0,0,0,0,0,0,0
563,Event - Maris- Northwest Lake,0,60,43,36,0,0,15,0,1043362989,-1,0,0,0,0,0,0,0,0,0,0,0,0,0,0,1,0,0,0,0,0,0,0,0,0,1,-75,64.81,88,0,0,0,0,0,0,0,0,0,0,0,0,0,0,0,0,0
564,Event - Maris- South of Castle,0,60,43,37,0,0,15,0,1043372989,-1,0,0,0,0,0,0,0,0,0,0,0,0,0,0,1,0,0,0,0,0,0,0,0,0,1,17,86.31,-58,0,0,0,0,0,0,0,0,0,0,0,0,0,0,0,0,0
565,Event - Maris- Northwest of Castle,0,60,43,38,0,0,11,12,1043382996,-1,0,0,0,0,0,0,0,0,0,0,0,0,0,0,1,0,0,0,0,0,0,0,0,0,1,-84,131.22,-62,0,0,0,0,0,0,0,0,0,0,0,0,0,0,0,0,0
566,Event - Maris- Castle Front,0,60,44,37,0,0,13,15,1044372995,-1,0,0,0,0,0,0,0,0,0,0,0,0,0,0,1,0,0,0,0,0,0,0,0,0,1,-53,69.24,64,0,0,0,0,0,0,0,0,0,0,0,0,0,0,0,0,0
567,Event - Maris- East of Saintsbridge,0,60,44,39,0,0,12,0,1044392996,-1,0,0,0,0,0,0,0,0,0,0,0,0,0,0,1,0,0,0,0,0,0,0,0,0,1,-34,136.97,-22,45.87,0,0,0,0,0,0,0,0,0,0,0,0,0,0,0,0
568,Event - Maris- Northeast Corner,0,60,45,39,0,0,0,0,1045392996,-1,0,0,0,0,0,0,0,0,0,0,0,0,0,0,1,0,0,0,0,0,0,0,0,0,1,82,97.26,18,0,0,0,0,0,0,0,0,0,0,0,0,0,0,0,0,0
569,Event - Maris- Southwest Mistwood,0,60,45,36,0,0,13,0,1045362989,-1,0,0,0,0,0,0,0,0,0,0,0,0,0,0,1,0,0,0,0,0,0,0,0,0,1,-88,24.28,96,0,0,0,0,0,0,0,0,0,0,0,0,0,0,0,0,0
570,Event - Maris- Northwest Mistwood,0,60,45,37,0,0,13,0,1045372997,-1,0,0,0,0,0,0,0,0,0,0,0,0,0,0,1,0,0,0,0,0,0,0,0,0,1,-90.47,20.61,96.33,0,0,0,0,0,0,0,0,0,0,0,0,0,0,0,0,0
571,,0,60,44,36,3,13,0,0,1046302981,-1,0,0,0,0,0,0,0,0,0,0,0,0,0,0,1,0,0,0,0,0,0,0,0,0,1,48.9,47,91.35,0,0,0,0,0,0,0,0,0,0,0,0,0,0,0,0,0
572,,0,60,45,37,3,13,0,0,1057302981,-1,0,0,0,0,0,0,0,0,0,0,0,0,0,0,1,0,0,0,0,0,0,0,0,0,1,-30.53,28.19,53.87,0,0,0,0,0,0,0,0,0,0,0,0,0,0,0,0,0
573,Event - Maris- Southeast Mountaintop,0,60,43,38,1,11,0,0,1038102986,-1,0,0,0,0,0,0,0,0,0,0,0,0,0,0,1,0,0,0,0,0,0,0,0,0,1,-26.54,177.21,35.82,0,0,0,0,0,0,0,0,0,0,0,0,0,0,0,0,0
574,Event - Maris- North of Crater,0,60,43,39,2,12,0,0,1039202981,-1,0,0,0,0,0,0,0,0,0,0,0,0,0,0,1,0,0,0,0,0,0,0,0,0,1,88.99,108.531,96.707,0,0,0,0,0,0,0,0,0,0,0,0,0,0,0,0,0
575,,0,60,44,38,0,0,12,0,1044382981,-1,0,0,0,0,0,0,0,0,0,0,0,0,0,0,0,0,0,0,0,0,0,0,0,0,1,2,85,-13,0,0,0,0,0,0,0,0,0,0,0,0,0,0,0,0,0
576,Event - Maris- East of Noklateo Entrance,0,60,44,37,5,15,0,0,1047502995,-1,0,0,0,0,0,0,0,0,0,0,0,0,0,0,1,0,0,0,0,0,0,0,0,0,1,-53,69.24,64,0,0,0,0,0,0,0,0,0,0,0,0,0,0,0,0,0
577,Event - Maris- Noklateo Entrance,0,60,43,37,5,15,0,0,1037502995,-1,0,0,0,0,0,0,0,0,0,0,0,0,0,0,1,0,0,0,0,0,0,0,0,0,1,36.38,89.4,41.32,0,0,0,0,0,0,0,0,0,0,0,0,0,0,0,0,0
580,Event - Libra- Southwest Corner,0,60,42,36,0,0,15,0,1042362651,-1,0,0,0,0,0,0,0,0,0,0,0,0,0,0,0,0,0,0,0,0,0,0,0,0,1,26,79,-4,0,0,0,0,0,0,0,0,0,0,0,1,0,0,0,0,0
581,Event - Libra- West Stormhill Graveyard,0,60,42,38,0,0,11,0,1042382651,-1,0,0,0,0,0,0,0,0,0,0,0,0,0,0,0,0,0,0,0,0,0,0,0,0,1,-54,191.93,21,0,0,0,0,0,0,0,0,0,0,0,1,0,0,0,0,0
582,Event - Libra- Southeast Lake,0,60,43,36,0,0,15,0,1043362651,-1,0,0,0,0,0,0,0,0,0,0,0,0,0,0,0,0,0,0,0,0,0,0,0,0,1,88,64.81,-29,0,0,0,0,0,0,0,0,0,0,0,1,0,0,0,0,0
583,Event - Libra- Northwest Lake,0,60,43,36,0,0,15,0,1043362653,-1,0,0,0,0,0,0,0,0,0,0,0,0,0,0,0,0,0,0,0,0,0,0,0,0,1,-75,64.81,88,0,0,0,0,0,0,0,0,0,0,0,1,0,0,0,0,0
584,Event - Libra- South of Castle,0,60,43,37,0,0,15,0,1043372652,-1,0,0,0,0,0,0,0,0,0,0,0,0,0,0,0,0,0,0,0,0,0,0,0,0,1,17,86.31,-58,0,0,0,0,0,0,0,0,0,0,0,1,0,0,0,0,0
585,Event - Libra- Northwest of Castle,0,60,43,38,0,0,11,12,1043382651,-1,0,0,0,0,0,0,0,0,0,0,0,0,0,0,0,0,0,0,0,0,0,0,0,0,1,-84,131.22,-62,0,0,0,0,0,0,0,0,0,0,0,1,0,0,0,0,0
586,Event - Libra- Castle Front,0,60,44,37,0,0,13,15,1044372651,-1,0,0,0,0,0,0,0,0,0,0,0,0,0,0,0,0,0,0,0,0,0,0,0,0,1,-53,69.24,64,0,0,0,0,0,0,0,0,0,0,0,1,0,0,0,0,0
587,Event - Libra- East of Saintsbridge,0,60,44,39,0,0,12,0,1044392641,-1,0,0,0,0,0,0,0,0,0,0,0,0,0,0,0,0,0,0,0,0,0,0,0,0,1,-34,136.97,-22,45.87,0,0,0,0,0,0,0,0,0,0,1,0,0,0,0,0
588,Event - Libra- Northeast Corner,0,60,45,39,0,0,0,0,1045392651,-1,0,0,0,0,0,0,0,0,0,0,0,0,0,0,0,0,0,0,0,0,0,0,0,0,1,82,97.26,18,0,0,0,0,0,0,0,0,0,0,0,1,0,0,0,0,0
589,Event - Libra- Southwest Mistwood,0,60,45,36,0,0,13,0,1045362651,-1,0,0,0,0,0,0,0,0,0,0,0,0,0,0,0,0,0,0,0,0,0,0,0,0,1,-88,24.28,96,0,0,0,0,0,0,0,0,0,0,0,1,0,0,0,0,0
590,Event - Libra- Northwest Mistwood,0,60,45,37,0,0,13,0,1045372651,-1,0,0,0,0,0,0,0,0,0,0,0,0,0,0,0,0,0,0,0,0,0,0,0,0,1,-90.47,20.61,96.33,0,0,0,0,0,0,0,0,0,0,0,1,0,0,0,0,0
591,Event - Libra- Southeast Rotted Woods,0,60,44,36,3,13,0,0,1046302651,-1,0,0,0,0,0,0,0,0,0,0,0,0,0,0,0,0,0,0,0,0,0,0,0,0,1,48.9,47,91.35,0,0,0,0,0,0,0,0,0,0,0,1,0,0,0,0,0
592,Event - Libra- Northwest Rotted Woods,0,60,45,37,3,13,0,0,1057302651,-1,0,0,0,0,0,0,0,0,0,0,0,0,0,0,0,0,0,0,0,0,0,0,0,0,1,-30.53,28.19,53.87,0,0,0,0,0,0,0,0,0,0,0,1,0,0,0,0,0
593,Event - Libra- Southeast Mountaintop,0,60,43,38,1,11,0,0,1038102651,-1,0,0,0,0,0,0,0,0,0,0,0,0,0,0,0,0,0,0,0,0,0,0,0,0,1,-26.54,177.21,35.82,0,0,0,0,0,0,0,0,0,0,0,1,0,0,0,0,0
594,Event - Libra- North of Crater,0,60,43,39,2,12,0,0,1039202651,-1,0,0,0,0,0,0,0,0,0,0,0,0,0,0,0,0,0,0,0,0,0,0,0,0,1,88.99,108.531,96.707,0,0,0,0,0,0,0,0,0,0,0,1,0,0,0,0,0
595,Event - Libra- East of Noklateo Entrance,0,60,44,37,5,15,0,0,1047502651,-1,0,0,0,0,0,0,0,0,0,0,0,0,0,0,0,0,0,0,0,0,0,0,0,0,1,-53,69.24,64,0,0,0,0,0,0,0,0,0,0,0,1,0,0,0,0,0
596,Event - Libra- Noklateo Entrance,0,60,43,37,5,15,0,0,1037502651,-1,0,0,0,0,0,0,0,0,0,0,0,0,0,0,0,0,0,0,0,0,0,0,0,0,1,36.38,89.4,41.32,0,0,0,0,0,0,0,0,0,0,0,1,0,0,0,0,0
601,,1,60,42,39,0,0,11,0,1042392900,-1,0,0,0,0,0,0,0,0,0,0,0,0,0,0,0,0,0,0,0,0,0,1,0,0,1,-125.4,222.28,-102.97,-146.98,0,0,0,0,0,0,0,0,0,0,0,0,1,0,0,0
602,,1,60,43,37,0,0,15,0,1043372900,-1,0,0,0,0,0,0,0,0,0,0,0,0,0,0,0,0,0,0,0,0,0,1,0,0,1,-107.35,64.06,-74.35,-103.47,0,0,0,0,0,0,0,0,0,0,0,0,0,0,0,0
603,,1,60,43,38,0,0,11,12,1043382900,-1,0,0,0,0,0,0,0,0,0,0,0,0,0,0,0,0,0,0,0,0,0,1,0,0,1,44.37,137.33,53.18,-10.11,0,0,0,0,0,0,0,0,0,0,0,0,1,0,0,0
604,,1,60,43,39,0,0,11,12,1043392900,-1,0,0,0,0,0,0,0,0,0,0,0,0,0,0,0,0,0,0,0,0,0,1,0,0,1,99.79,101.23,82.09,-82.82,0,0,0,0,0,0,0,0,0,0,0,0,0,0,0,0
605,,1,60,44,36,0,0,13,0,1044362900,-1,0,0,0,0,0,0,0,0,0,0,0,0,0,0,0,0,0,0,0,0,0,1,0,0,1,57.3,90.31,-26.55,88.75,0,0,0,0,0,0,0,0,0,0,0,0,0,0,0,0
606,,1,60,44,38,0,0,12,0,1044382900,-1,0,0,0,0,0,0,0,0,0,0,0,0,0,0,0,0,0,0,0,0,0,1,0,0,1,73.22,84.52,82.15,-8.78,0,0,0,0,0,0,0,0,0,0,0,0,1,0,0,0
607,,1,60,45,38,0,0,0,0,1045382900,-1,0,0,0,0,0,0,0,0,0,0,0,0,0,0,0,0,0,0,0,0,0,1,0,0,1,61.87,17.62,-109.62,2.61,0,0,0,0,0,0,0,0,0,0,0,0,1,0,0,0
615,,1,60,42,36,0,180,15,0,1042362991,-1,0,0,0,0,0,0,0,1,0,0,0,0,0,0,0,0,0,0,0,0,0,0,0,0,1,111.35,64.99,-13.79,-88.61,0,0,0,0,0,0,0,0,0,0,0,0,0,0,0,0
616,,1,60,42,36,0,180,15,0,1042362992,-1,0,0,0,0,0,0,0,1,0,0,0,0,0,0,0,0,0,0,0,0,0,0,0,0,1,-44.3,78.12,-17.62,-80,0,0,0,0,0,0,0,0,0,0,0,0,0,0,0,0
617,,1,60,42,36,0,180,15,0,1042362993,-1,0,0,0,0,0,0,0,1,0,0,0,0,0,0,0,0,0,0,0,0,0,0,0,0,1,71.96,76.55,-115.42,180,0,0,0,0,0,0,0,0,0,0,0,0,0,0,0,0
618,,1,60,42,37,0,180,15,0,1042372990,-1,0,0,0,0,0,0,0,1,0,0,0,0,0,0,0,0,0,0,0,0,0,0,0,0,1,-107.05,168.32,108.15,-60.98,0,0,0,0,0,0,0,0,0,0,0,0,0,0,0,0
619,,1,60,42,37,0,180,15,0,1042372991,-1,0,0,0,0,0,0,0,1,0,0,0,0,0,0,0,0,0,0,0,0,0,0,0,0,1,21.34,106.29,46.81,-126.87,0,0,0,0,0,0,0,0,0,0,0,0,0,0,0,0
620,,1,60,42,37,0,180,15,0,1042372992,-1,0,0,0,0,0,0,0,1,0,0,0,0,0,0,0,0,0,0,0,0,0,0,0,0,1,-22.42,107.74,-37.87,1,0,0,0,0,0,0,0,0,0,0,0,0,0,0,0,0
621,,1,60,42,38,0,180,11,0,1042382991,-1,0,0,0,0,0,0,0,1,0,0,0,0,0,0,0,0,0,0,0,0,0,0,0,0,1,-64.07,178.87,-44.73,-29.19,0,0,0,0,0,0,0,0,0,0,0,0,0,0,0,0
622,,1,60,42,38,0,180,11,0,1042382992,-1,0,0,0,0,0,0,0,1,0,0,0,0,0,0,0,0,0,0,0,0,0,0,0,0,1,-103,194,49.13,-130,0,0,0,0,0,0,0,0,0,0,0,0,0,0,0,0
623,,1,60,42,38,0,180,11,0,1042382993,-1,0,0,0,0,0,0,0,1,0,0,0,0,0,0,0,0,0,0,0,0,0,0,0,0,1,34.33,155.71,36.93,-70.8,0,0,0,0,0,0,0,0,0,0,0,0,0,0,0,0
624,,1,60,42,39,0,180,11,0,1042392990,-1,0,0,0,0,0,0,0,1,0,0,0,0,0,0,0,0,0,0,0,0,0,0,0,0,1,-49.79,205.63,78.24,-39.9,0,0,0,0,0,0,0,0,0,0,0,0,0,0,0,0
625,,1,60,42,39,0,180,11,0,1042392991,-1,0,0,0,0,0,0,0,1,0,0,0,0,0,0,0,0,0,0,0,0,0,0,0,0,1,57.26,206.91,16.37,124,0,0,0,0,0,0,0,0,0,0,0,0,0,0,0,0
626,,1,60,42,39,0,180,11,0,1042392992,-1,0,0,0,0,0,0,0,1,0,0,0,0,0,0,0,0,0,0,0,0,0,0,0,0,1,120.27,189.4,-84.36,-144.16,0,0,0,0,0,0,0,0,0,0,0,0,0,0,0,0
627,,1,60,43,36,0,180,15,0,1043362992,-1,0,0,0,0,0,0,0,1,0,0,0,0,0,0,0,0,0,0,0,0,0,0,0,0,1,1.23,64.81,72.57,-167.31,0,0,0,0,0,0,0,0,0,0,0,0,0,0,0,0
628,,1,60,43,36,0,180,15,0,1043362993,-1,0,0,0,0,0,0,0,1,0,0,0,0,0,0,0,0,0,0,0,0,0,0,0,0,1,113.45,64.81,57.68,92.11,0,0,0,0,0,0,0,0,0,0,0,0,0,0,0,0
629,,1,60,43,36,0,180,15,0,1043362994,-1,0,0,0,0,0,0,0,1,0,0,0,0,0,0,0,0,0,0,0,0,0,0,0,0,1,59.18,66.28,-109.54,-158.81,0,0,0,0,0,0,0,0,0,0,0,0,0,0,0,0
630,,1,60,43,37,0,180,15,0,1043372991,-1,0,0,0,0,0,0,0,1,0,0,0,0,0,0,0,0,0,0,0,0,0,0,0,0,1,119.14,89.27,-94.37,91.61,0,0,0,0,0,0,0,0,0,0,0,0,0,0,0,0
631,,1,60,43,37,0,180,15,0,1043372992,-1,0,0,0,0,0,0,0,1,0,0,0,0,0,0,0,0,0,0,0,0,0,0,0,0,1,-42.25,84.92,-7.37,147.24,0,0,0,0,0,0,0,0,0,0,0,0,0,0,0,0
632,,1,60,43,37,0,180,15,0,1043372993,-1,0,0,0,0,0,0,0,1,0,0,0,0,0,0,0,0,0,0,0,0,0,0,0,0,1,-88.09,100.38,104.64,-21.64,0,0,0,0,0,0,0,0,0,0,0,0,0,0,0,0
633,,1,60,43,38,0,180,12,11,1043382992,-1,0,0,0,0,0,0,0,1,0,0,0,0,0,0,0,0,0,0,0,0,0,0,0,0,1,100.74,99.04,13.1,39.17,0,0,0,0,0,0,0,0,0,0,0,0,0,0,0,0
634,,1,60,43,38,0,180,12,11,1043382993,-1,0,0,0,0,0,0,0,1,0,0,0,0,0,0,0,0,0,0,0,0,0,0,0,0,1,54.99,97.33,-94.64,96.33,0,0,0,0,0,0,0,0,0,0,0,0,0,0,0,0
635,,1,60,43,38,0,180,12,11,1043382994,-1,0,0,0,0,0,0,0,1,0,0,0,0,0,0,0,0,0,0,0,0,0,0,0,0,1,-82.2,189.85,88.58,135.07,0,0,0,0,0,0,0,0,0,0,0,0,0,0,0,0
636,,1,60,43,39,0,180,12,11,1043392991,-1,0,0,0,0,0,0,0,1,0,0,0,0,0,0,0,0,0,0,0,0,0,0,0,0,1,-110.69,219.68,109.7,-15.56,0,0,0,0,0,0,0,0,0,0,0,0,0,0,0,0
637,,1,60,43,39,0,180,12,11,1043392992,-1,0,0,0,0,0,0,0,1,0,0,0,0,0,0,0,0,0,0,0,0,0,0,0,0,1,-71.81,202.39,-50.54,109.07,0,0,0,0,0,0,0,0,0,0,0,0,0,0,0,0
638,,1,60,43,39,0,180,12,11,1043392993,-1,0,0,0,0,0,0,0,1,0,0,0,0,0,0,0,0,0,0,0,0,0,0,0,0,1,86.78,100.98,3.42,0,0,0,0,0,0,0,0,0,0,0,0,0,0,0,0,0
639,,1,60,44,36,0,180,13,0,1044362990,-1,0,0,0,0,0,0,0,1,0,0,0,0,0,0,0,0,0,0,0,0,0,0,0,0,1,15.38,97.96,3.6,-156.39,0,0,0,0,0,0,0,0,0,0,0,0,0,0,0,0
640,,1,60,44,36,0,180,13,0,1044362991,-1,0,0,0,0,0,0,0,1,0,0,0,0,0,0,0,0,0,0,0,0,0,0,0,0,1,-57.72,85.86,88.02,-160.62,0,0,0,0,0,0,0,0,0,0,0,0,0,0,0,0
641,,1,60,44,36,0,180,13,0,1044362992,-1,0,0,0,0,0,0,0,1,0,0,0,0,0,0,0,0,0,0,0,0,0,0,0,0,1,-100.89,65.35,-50.86,-140.95,0,0,0,0,0,0,0,0,0,0,0,0,0,0,0,0
642,,1,60,44,37,0,180,13,0,1044372991,-1,0,0,0,0,0,0,0,1,0,0,0,0,0,0,0,0,0,0,0,0,0,0,0,0,1,-82.64,80.52,-14.15,3.8,0,0,0,0,0,0,0,0,0,0,0,0,0,0,0,0
643,,1,60,44,37,0,180,13,0,1044372992,-1,0,0,0,0,0,0,0,1,0,0,0,0,0,0,0,0,0,0,0,0,0,0,0,0,1,12.25,54.97,39.28,-56.71,0,0,0,0,0,0,0,0,0,0,0,0,0,0,0,0
644,,1,60,44,37,0,180,13,0,1044372993,-1,0,0,0,0,0,0,0,1,0,0,0,0,0,0,0,0,0,0,0,0,0,0,0,0,1,87.25,32.84,103.81,100,0,0,0,0,0,0,0,0,0,0,0,0,0,0,0,0
645,,1,60,44,38,0,180,12,0,1044382990,-1,0,0,0,0,0,0,0,1,0,0,0,0,0,0,0,0,0,0,0,0,0,0,0,0,1,-101.01,64.81,-15.03,47.69,0,0,0,0,0,0,0,0,0,0,0,0,0,0,0,0
646,,1,60,44,38,0,180,12,0,1044382991,-1,0,0,0,0,0,0,0,1,0,0,0,0,0,0,0,0,0,0,0,0,0,0,0,0,1,-58.99,81.97,-109.43,170.87,0,0,0,0,0,0,0,0,0,0,0,0,0,0,0,0
647,,1,60,44,38,0,180,12,0,1044382992,-1,0,0,0,0,0,0,0,1,0,0,0,0,0,0,0,0,0,0,0,0,0,0,0,0,1,13.31,121.12,107.03,-36.8,0,0,0,0,0,0,0,0,0,0,0,0,0,0,0,0
648,,1,60,44,39,0,180,12,0,1044392991,-1,0,0,0,0,0,0,0,1,0,0,0,0,0,0,0,0,0,0,0,0,0,0,0,0,1,-85.49,141.04,-98.42,-169.91,0,0,0,0,0,0,0,0,0,0,0,0,0,0,0,0
649,,1,60,44,39,0,180,12,0,1044392992,-1,0,0,0,0,0,0,0,1,0,0,0,0,0,0,0,0,0,0,0,0,0,0,0,0,1,-70.85,149.7,3.88,85.44,0,0,0,0,0,0,0,0,0,0,0,0,0,0,0,0
650,,1,60,44,39,0,180,12,0,1044392993,-1,0,0,0,0,0,0,0,1,0,0,0,0,0,0,0,0,0,0,0,0,0,0,0,0,1,30.98,140.97,81.92,-44.2,0,0,0,0,0,0,0,0,0,0,0,0,0,0,0,0
651,,1,60,45,36,0,180,13,0,1045362990,-1,0,0,0,0,0,0,0,1,0,0,0,0,0,0,0,0,0,0,0,0,0,0,0,0,1,90.27,31.64,113,16.1,0,0,0,0,0,0,0,0,0,0,0,0,0,0,0,0
652,,1,60,45,36,0,180,13,0,1045362991,-1,0,0,0,0,0,0,0,1,0,0,0,0,0,0,0,0,0,0,0,0,0,0,0,0,1,-2.33,1.09,-68.37,-122.04,0,0,0,0,0,0,0,0,0,0,0,0,0,0,0,0
653,,1,60,45,36,0,180,13,0,1045362992,-1,0,0,0,0,0,0,0,1,0,0,0,0,0,0,0,0,0,0,0,0,0,0,0,0,1,-106.83,28.59,40.46,-62.64,0,0,0,0,0,0,0,0,0,0,0,0,0,0,0,0
654,,1,60,45,37,0,180,13,0,1045372990,-1,0,0,0,0,0,0,0,1,0,0,0,0,0,0,0,0,0,0,0,0,0,0,0,0,1,-82.28,21.47,-49.75,-169.57,0,0,0,0,0,0,0,0,0,0,0,0,0,0,0,0
655,,1,60,45,37,0,180,13,0,1045372991,-1,0,0,0,0,0,0,0,1,0,0,0,0,0,0,0,0,0,0,0,0,0,0,0,0,1,-53.95,12.64,46.75,-135.46,0,0,0,0,0,0,0,0,0,0,0,0,0,0,0,0
656,,1,60,45,37,0,180,13,0,1045372992,-1,0,0,0,0,0,0,0,1,0,0,0,0,0,0,0,0,0,0,0,0,0,0,0,0,1,41.95,20.35,16.53,156.26,0,0,0,0,0,0,0,0,0,0,0,0,0,0,0,0
657,,1,60,45,38,0,180,0,0,1045382990,-1,0,0,0,0,0,0,0,1,0,0,0,0,0,0,0,0,0,0,0,0,0,0,0,0,1,-45.8,60.28,99.06,-30,0,0,0,0,0,0,0,0,0,0,0,0,0,0,0,0
658,,1,60,45,38,0,180,0,0,1045382991,-1,0,0,0,0,0,0,0,1,0,0,0,0,0,0,0,0,0,0,0,0,0,0,0,0,1,112.6,14.06,48.65,131.52,0,0,0,0,0,0,0,0,0,0,0,0,0,0,0,0
659,,1,60,45,38,0,180,0,0,1045382992,-1,0,0,0,0,0,0,0,1,0,0,0,0,0,0,0,0,0,0,0,0,0,0,0,0,1,-6.81,22.41,-101.21,139.03,0,0,0,0,0,0,0,0,0,0,0,0,0,0,0,0
660,,1,60,45,39,0,180,0,0,1045392991,-1,0,0,0,0,0,0,0,1,0,0,0,0,0,0,0,0,0,0,0,0,0,0,0,0,1,-89.46,106.3,-21.93,134.12,0,0,0,0,0,0,0,0,0,0,0,0,0,0,0,0
661,,1,60,45,39,0,180,0,0,1045392992,-1,0,0,0,0,0,0,0,1,0,0,0,0,0,0,0,0,0,0,0,0,0,0,0,0,1,1.06,90.2,-42.01,-74.7,0,0,0,0,0,0,0,0,0,0,0,0,0,0,0,0
662,,1,60,45,39,0,180,0,0,1045392993,-1,0,0,0,0,0,0,0,1,0,0,0,0,0,0,0,0,0,0,0,0,0,0,0,0,1,-104.67,118.05,107.68,-9.85,0,0,0,0,0,0,0,0,0,0,0,0,0,0,0,0
700,,0,60,42,36,0,0,15,0,1042362998,-1,0,0,0,0,0,0,0,0,0,0,0,0,0,0,0,0,0,0,0,0,0,0,0,0,1,57.51,95.49,75.78,0,0,0,0,0,0,0,0,0,0,0,0,0,0,0,0,0
701,,0,60,42,39,0,0,11,0,1042392998,-1,0,0,0,0,0,0,0,0,0,0,0,0,0,0,0,0,0,0,0,0,0,0,0,0,1,80.95,211.87,-34.22,0,0,0,0,0,0,0,0,0,0,0,0,0,0,0,0,0
702,,0,60,43,37,0,0,15,0,1043372998,-1,0,0,0,0,0,0,0,0,0,0,0,0,0,0,0,0,0,0,0,0,0,0,0,0,1,-46.9,77.54,-108.74,0,0,0,0,0,0,0,0,0,0,0,0,0,0,0,0,0
703,,0,60,43,38,0,0,11,12,1043382999,-1,0,0,0,0,0,0,0,0,0,0,0,0,0,0,0,0,0,0,0,0,0,0,0,0,1,-5.19,125.07,-17.44,-8.79,0,0,0,0,0,0,0,0,0,0,0,0,0,0,0,0
704,,0,60,44,36,0,0,13,0,1044362998,-1,0,0,0,0,0,0,0,0,0,0,0,0,0,0,0,0,0,0,0,0,0,0,0,0,1,-64.96,72.74,-3.8,0,0,0,0,0,0,0,0,0,0,0,0,0,0,0,0,0
705,,0,60,44,36,0,0,13,0,1044362997,-1,0,0,0,0,0,0,0,0,0,0,0,0,0,0,0,0,0,0,0,0,0,0,0,0,1,100.92,81.4,-0.03,0,0,0,0,0,0,0,0,0,0,0,0,0,0,0,0,0
706,,0,60,44,37,0,0,13,0,1044372998,-1,0,0,0,0,0,0,0,0,0,0,0,0,0,0,0,0,0,0,0,0,0,0,0,0,1,-68.03,74.66,94.38,0,0,0,0,0,0,0,0,0,0,0,0,0,0,0,0,0
707,,0,60,44,39,0,0,12,0,1044392998,-1,0,0,0,0,0,0,0,0,0,0,0,0,0,0,0,0,0,0,0,0,0,0,0,0,1,-119.68,158.85,27.72,0,0,0,0,0,0,0,0,0,0,0,0,0,0,0,0,0
708,,0,60,45,39,0,0,0,0,1045392998,-1,0,0,0,0,0,0,0,0,0,0,0,0,0,0,0,0,0,0,0,0,0,0,0,0,1,45.09,91.19,-24.49,0,0,0,0,0,0,0,0,0,0,0,0,0,0,0,0,0
710,Event - Scale-Bearing Merchant- Southwest Corner,0,60,42,36,0,0,15,0,1042362960,-1,0,0,0,0,0,0,0,0,0,0,0,0,0,0,0,0,0,0,0,0,0,0,0,0,1,56.585,95.082,71.43,0,0,0,0,0,0,0,0,0,0,0,0,1,0,0,0,0
711,Event - Scale-Bearing Merchant- Northwest Corner,0,60,42,39,0,0,11,0,1042392980,-1,0,0,0,0,0,0,0,0,0,0,0,0,0,0,0,0,0,0,0,0,0,0,0,0,1,49.952,205.115,-44.263,0,0,0,0,0,0,0,0,0,0,0,0,1,0,0,0,0
712,Event - Scale-Bearing Merchant- South of Castle,0,60,43,37,0,0,15,0,1043372960,-1,0,0,0,0,0,0,0,0,0,0,0,0,0,0,0,0,0,0,0,0,0,0,0,0,1,-50.232,77.275,-111.543,0,0,0,0,0,0,0,0,0,0,0,0,1,0,0,0,0
713,Event - Scale-Bearing Merchant- Ruins North of Castle,0,60,43,38,0,0,12,11,1043382960,-1,0,0,0,0,0,0,0,0,0,0,0,0,0,0,0,0,0,0,0,0,0,0,0,0,1,-8.949,124.893,-23.482,0,0,0,0,0,0,0,0,0,0,0,0,1,0,0,0,0
714,,0,60,44,36,0,0,13,0,1044362960,-1,0,0,0,0,0,0,0,0,0,0,0,0,0,0,0,0,0,0,0,0,0,0,0,0,1,103.027,82.098,-6.618,0,0,0,0,0,0,0,0,0,0,0,0,1,0,0,0,0
715,Event - Scale-Bearing Merchant- Southeast Lakeshore,0,60,44,36,0,0,13,0,1044362961,-1,0,0,0,0,0,0,0,0,0,0,0,0,0,0,0,0,0,0,0,0,0,0,0,0,1,-65.831,70.654,-26.795,0,0,0,0,0,0,0,0,0,0,0,0,1,0,0,0,0
716,Event - Scale-Bearing Merchant- Castle Front,0,60,44,37,0,0,13,0,1044372960,-1,0,0,0,0,0,0,0,0,0,0,0,0,0,0,0,0,0,0,0,0,0,0,0,0,1,-50.64,74.283,21.347,0,0,0,0,0,0,0,0,0,0,0,0,1,0,0,0,0
717,Event - Scale-Bearing Merchant- East of Saintsbridge,0,60,44,39,0,0,12,0,1044392970,-1,0,0,0,0,0,0,0,0,0,0,0,0,0,0,0,0,0,0,0,0,0,0,0,0,1,-120,-159.081,32.965,0,0,0,0,0,0,0,0,0,0,0,0,1,0,0,0,0
718,Event - Scale-Bearing Merchant- Northeast Corner,0,60,45,39,0,0,0,0,1045392970,-1,0,0,0,0,0,0,0,0,0,0,0,0,0,0,0,0,0,0,0,0,0,0,0,0,1,44.291,91.859,-22.021,0,0,0,0,0,0,0,0,0,0,0,0,1,0,0,0,0
750,,1,60,42,36,0,0,15,0,1042362994,-1,0,0,0,0,0,0,1,0,0,0,0,0,0,0,0,0,0,0,0,0,0,0,0,0,1,93.28,75.15,-111.43,112.75,0,0,0,0,0,1,0,0,0,0,0,0,0,0,0,0
751,,1,60,42,38,0,0,11,0,1042382994,-1,0,0,0,0,0,0,0,0,0,0,0,0,0,0,0,0,0,0,0,0,0,0,0,0,1,-46.23,172.74,-77.53,147.45,0,0,0,0,0,0,0,0,0,0,0,0,0,0,0,0
752,,1,60,42,38,0,0,11,0,1042382995,-1,0,0,0,0,0,0,0,0,0,0,0,0,0,0,0,0,0,0,0,0,0,0,0,0,1,-112.69,197.39,82.2,-38.99,0,0,0,0,0,0,0,0,0,0,0,0,0,0,0,0
753,,1,60,42,38,0,0,11,0,1042382996,-1,0,0,0,0,0,0,1,0,0,0,0,0,0,0,0,0,0,0,0,0,0,0,0,0,1,94.25,184.18,65.8,36.05,0,0,0,0,0,1,0,0,0,0,0,0,0,0,0,0
754,,1,60,42,39,0,0,11,0,1042392993,-1,0,0,0,0,0,0,1,0,0,0,0,0,0,0,0,0,0,0,0,0,0,0,0,0,1,16.55,206.81,59.36,24.56,0,0,0,0,0,1,0,0,0,0,0,0,0,0,0,0
755,,1,60,43,36,0,0,15,0,1043362995,-1,0,0,0,0,0,0,1,0,0,0,0,0,0,0,0,0,0,0,0,0,0,0,0,0,1,57,64,85,37,0,0,0,0,0,1,0,0,0,0,0,0,0,0,0,0
756,,1,60,43,37,0,0,15,0,1043372994,-1,0,0,0,0,0,1,0,0,0,0,0,0,0,0,0,0,0,0,0,0,0,0,0,0,1,37.57,125.31,62.69,-176.69,0,0,0,0,0,0,0,0,0,0,0,0,0,0,0,0
757,,1,60,43,37,0,0,15,0,1043372995,-1,0,0,0,1,0,0,0,0,0,0,0,0,0,0,0,0,0,0,0,0,0,0,0,0,1,37.57,125.31,62.69,-176.69,0,0,0,0,0,0,0,0,0,0,0,0,0,0,0,0
758,,1,60,43,39,0,0,12,11,1043392994,-1,0,0,0,0,0,0,1,0,0,0,0,0,0,0,0,0,0,0,0,0,0,0,0,0,1,-124.81,219.86,19.15,-23.01,0,0,0,0,0,1,0,0,0,0,0,0,0,0,0,0
759,,1,60,43,39,0,0,12,11,1043392995,-1,0,0,0,0,0,0,1,0,0,0,0,0,0,0,0,0,0,0,0,0,0,0,0,0,1,84.86,106.27,-167.25,179.62,0,0,0,0,0,1,0,0,0,0,0,0,0,0,0,0
760,,1,60,44,38,0,0,12,0,1044382993,-1,0,0,0,0,0,0,1,0,0,0,0,0,0,0,0,0,0,0,0,0,0,0,0,0,1,-49.54,94.77,55.63,80.73,0,0,0,0,0,1,0,0,0,0,0,0,0,0,0,0
761,,1,60,44,39,0,0,12,0,1044392994,-1,0,0,0,0,0,0,1,0,0,0,0,0,0,0,0,0,0,0,0,0,0,0,0,0,1,79.16,124.65,50.83,86.47,0,0,0,0,0,1,0,0,0,0,0,0,0,0,0,0
762,,1,60,45,36,0,0,13,0,1045362993,-1,0,0,0,0,0,0,1,0,0,0,0,0,0,0,0,0,0,0,0,0,0,0,0,0,1,-102.93,35.32,-46.38,-125.53,0,0,0,0,0,1,0,0,0,0,0,0,0,0,0,0
763,,1,60,45,37,0,0,13,0,1045372993,-1,0,0,0,0,0,0,1,0,0,0,0,0,0,0,0,0,0,0,0,0,0,0,0,0,1,22.18,18.69,117.69,98.71,0,0,0,0,0,1,0,0,0,0,0,0,0,0,0,0
800,,0,60,42,36,0,0,15,0,1042362989,-1,0,0,0,0,0,0,0,0,0,1,0,0,0,0,0,0,0,0,0,0,0,0,0,0,1,26,79,-4,0,0,0,0,0,0,0,0,0,0,0,0,0,0,0,0,0
801,,0,60,42,38,0,0,11,0,1042382989,-1,0,0,0,0,0,0,0,0,0,1,0,0,0,0,0,0,0,0,0,0,0,0,0,0,1,-54,191.93,21,0,0,0,0,0,0,0,0,0,0,0,0,0,0,0,0,0
802,,0,60,43,36,0,0,15,0,1043362900,-1,0,0,0,0,0,0,0,0,0,1,0,0,0,0,0,0,0,0,0,0,0,0,0,0,1,88,64.81,-29,0,0,0,0,0,0,0,0,0,0,0,0,0,0,0,0,0
803,,0,60,43,36,0,0,15,0,1043362901,-1,0,0,0,0,0,0,0,0,0,1,0,0,0,0,0,0,0,0,0,0,0,0,0,0,1,-75,64.81,88,0,0,0,0,0,0,0,0,0,0,0,0,0,0,0,0,0
804,,0,60,43,37,0,0,15,0,1043372970,-1,0,0,0,0,0,0,0,0,0,1,0,0,0,0,0,0,0,0,0,0,0,0,0,0,1,17,86.31,-58,0,0,0,0,0,0,0,0,0,0,0,0,0,0,0,0,0
805,,0,60,43,38,0,0,11,12,1043382970,-1,0,0,0,0,0,0,0,0,0,1,0,0,0,0,0,0,0,0,0,0,0,0,0,0,1,-84,131.22,-62,0,0,0,0,0,0,0,0,0,0,0,0,0,0,0,0,0
806,,0,60,44,37,0,0,13,15,1044372989,-1,0,0,0,0,0,0,0,0,0,1,0,0,0,0,0,0,0,0,0,0,0,0,0,0,1,-53,69.24,64,0,0,0,0,0,0,0,0,0,0,0,0,0,0,0,0,0
807,,0,60,44,39,0,0,12,0,1044392989,-1,0,0,0,0,0,0,0,0,0,1,0,0,0,0,0,0,0,0,0,0,0,0,0,0,1,-34,136.97,-22,45.87,0,0,0,0,0,0,0,0,0,0,0,0,0,0,0,0
808,,0,60,45,39,0,0,0,0,1045392980,-1,0,0,0,0,0,0,0,0,0,1,0,0,0,0,0,0,0,0,0,0,0,0,0,0,1,82,97.26,18,0,0,0,0,0,0,0,0,0,0,0,0,0,0,0,0,0
809,,0,60,45,36,0,0,13,0,1045362980,-1,0,0,0,0,0,0,0,0,0,1,0,0,0,0,0,0,0,0,0,0,0,0,0,0,1,-88,24.28,96,0,0,0,0,0,0,0,0,0,0,0,0,0,0,0,0,0
810,,0,60,45,37,0,0,13,0,1045372995,-1,0,0,0,0,0,0,0,0,0,1,0,0,0,0,0,0,0,0,0,0,0,0,0,0,1,-90.47,20.61,96.33,0,0,0,0,0,0,0,0,0,0,0,0,0,0,0,0,0
811,,0,60,44,36,3,13,0,0,1046302990,-1,0,0,0,0,0,0,0,0,0,1,0,0,0,0,0,0,0,0,0,0,0,0,0,0,1,48.9,47,91.35,0,0,0,0,0,0,0,0,0,0,0,0,0,0,0,0,0
812,,0,60,45,37,3,13,0,0,1057302990,-1,0,0,0,0,0,0,0,0,0,1,0,0,0,0,0,0,0,0,0,0,0,0,0,0,1,-30.53,28.19,53.87,0,0,0,0,0,0,0,0,0,0,0,0,0,0,0,0,0
813,,0,60,43,38,1,11,0,0,1038102989,-1,0,0,0,0,0,0,0,0,0,1,0,0,0,0,0,0,0,0,0,0,0,0,0,0,1,-26.54,177.21,35.82,0,0,0,0,0,0,0,0,0,0,0,0,0,0,0,0,0
814,,0,60,43,39,2,12,0,0,1039202911,-1,0,0,0,0,0,0,0,0,0,1,0,0,0,0,0,0,0,0,0,0,0,0,0,0,1,88.99,108.531,96.707,0,0,0,0,0,0,0,0,0,0,0,0,0,0,0,0,0
815,,0,60,42,39,0,0,11,0,1042392988,-1,0,0,0,0,0,0,0,0,0,1,0,0,0,0,0,0,0,0,0,0,0,0,0,0,1,-54.12,204.3,61.66,0,0,0,0,0,0,0,0,0,0,0,0,0,0,0,0,0
816,,0,60,44,37,5,15,0,0,1047502989,-1,0,0,0,0,0,0,0,0,0,1,0,0,0,0,0,0,0,0,0,0,0,0,0,0,1,-53,69.24,64,0,0,0,0,0,0,0,0,0,0,0,0,0,0,0,0,0
817,,0,60,43,37,5,15,0,0,1037502989,-1,0,0,0,0,0,0,0,0,0,1,0,0,0,0,0,0,0,0,0,0,0,0,0,0,1,36.38,89.4,41.32,0,0,0,0,0,0,0,0,0,0,0,0,0,0,0,0,0
1103,,1,60,43,39,4,14,0,0,1039402604,-1,0,0,0,0,0,0,0,0,0,0,0,0,0,0,0,0,0,0,0,1,0,0,0,0,0,-131.633,-732.375,-47.034,-31.21,0,0,0,0,0,0,0,0,0,0,0,0,0,0,0,0
1107,,1,60,43,36,4,14,0,0,1036402600,-1,1,0,0,0,0,0,0,0,0,0,0,0,0,0,0,0,0,0,0,0,0,0,0,0,0,86.74,-748.79,-17.49,-165.42,0,0,0,0,0,0,0,0,0,0,0,0,0,0,0,0
1108,,1,60,45,38,4,14,0,0,1058402600,-1,0,0,1,0,0,0,0,0,0,0,0,0,0,0,0,0,0,0,0,0,0,0,0,0,0,37.46,-691.83,-91.41,-146.62,0,0,0,0,0,0,0,0,0,0,0,0,0,0,0,0
1109,,1,60,42,37,4,14,0,0,1027402600,-1,0,0,0,1,0,0,0,0,0,0,0,0,0,0,0,0,0,0,0,0,0,0,0,0,0,10.25,-694.09,8.67,-149.49,0,0,0,0,0,0,0,0,0,0,0,0,0,0,0,0
1110,,1,60,45,36,4,14,0,0,1056402600,-1,0,1,0,0,0,0,0,0,0,0,0,0,0,0,0,0,0,0,0,0,0,0,0,0,0,-74.25,-794.59,81.39,21.72,0,0,0,0,0,0,0,0,0,0,0,0,0,0,0,0
1111,,1,60,45,36,4,14,0,0,1056402601,-1,0,0,0,0,0,0,0,0,0,0,0,0,0,0,0,0,0,0,0,0,0,0,0,0,1,-48.031,-601.006,90.524,-62.35,0,0,0,0,0,16777216,0,0,0,0,0,0,0,0,0,0
1112,,1,60,45,36,4,14,0,0,1056402602,-1,0,0,0,0,0,0,0,0,0,0,0,0,0,0,0,0,0,0,0,0,0,0,0,0,1,-47.89,-569.919,90.45,-59.56,0,0,0,0,0,0,1,0,0,0,0,0,0,0,0,0
1113,,1,60,45,36,4,14,0,0,1056402603,-1,0,0,0,0,0,0,0,0,0,0,0,0,0,0,0,0,0,0,0,0,0,0,0,0,1,-47.89,-537.919,90.45,121.02,0,0,0,0,0,0,256,0,0,0,0,0,0,0,0,0
1114,,1,60,42,38,4,14,0,0,1028402600,-1,0,0,0,0,0,0,0,0,0,0,0,0,0,0,0,0,0,0,0,0,0,0,0,0,1,18.006,-672.919,-21.273,-57.07,0,1,0,0,0,0,0,0,0,0,0,0,0,0,0,0
1115,,1,60,42,38,4,14,0,0,1028402601,-1,0,0,0,0,0,0,0,0,0,0,0,0,0,0,0,0,0,0,0,0,0,0,0,0,1,18.14,-641.831,-21.36,19.09,0,0,1,0,0,0,0,0,0,0,0,0,0,0,0,0
1116,,1,60,42,38,4,14,0,0,1028402602,-1,0,0,0,0,0,0,0,0,0,0,0,0,0,0,0,0,0,0,0,0,0,0,0,0,1,17.518,-609.831,-21.204,-60.576,0,0,0,1,0,0,0,0,0,0,0,0,0,0,0,0
1130,,1,60,43,36,4,14,0,0,1036402601,-1,0,0,0,0,0,0,0,0,1,1,0,0,0,0,0,0,0,0,0,0,0,0,0,0,1,-94.91,-764.49,121.09,0,0,0,0,0,0,0,0,0,0,0,0,0,0,0,0,0
1131,,1,60,43,38,4,14,0,0,1038402600,-1,0,0,0,0,0,0,0,0,1,1,0,0,0,0,0,0,0,0,0,0,0,0,0,0,1,76.51,-724.54,-30.38,0,0,0,0,0,0,0,0,0,0,0,0,0,0,0,0,0
1132,,1,60,44,37,4,14,0,0,1047402602,-1,0,0,0,0,0,0,0,0,1,1,0,0,0,0,0,0,0,0,0,0,0,0,0,0,1,55.69,-804.885,35.04,0,0,0,0,0,0,0,0,0,0,0,0,0,0,0,0,0
1133,,1,60,44,39,4,14,0,0,1049402600,-1,0,0,0,0,0,0,0,0,1,1,0,0,0,0,0,0,0,0,0,0,0,0,0,0,1,0,-705.39,-115,0,0,0,0,0,0,0,0,0,0,0,0,0,0,0,0,0
1135,,1,60,44,36,4,14,0,0,1046402610,-1,0,0,0,0,0,0,0,0,0,0,0,0,0,0,0,0,0,0,0,0,1,0,0,0,0,0,-500,0,0,0,0,0,0,0,0,0,0,0,0,0,0,0,0,0,0
1136,,1,60,44,37,4,14,0,0,1047402610,-1,0,0,0,0,0,0,0,0,0,0,0,0,0,0,0,0,0,0,0,0,0,1,0,0,0,0,-500,0,0,0,0,0,0,0,0,0,0,0,0,0,0,0,0,0,0
1137,,1,60,45,37,4,14,0,0,1057402600,-1,0,0,0,0,0,0,0,0,0,0,0,0,0,0,0,0,0,0,0,0,0,0,0,0,0,0,-500,0,0,0,0,0,0,0,0,0,1,0,0,0,0,0,0,0,0
1138,,1,60,44,36,4,14,0,0,1046402611,-1,0,0,0,0,0,0,0,0,0,0,0,0,0,0,0,0,0,0,0,0,0,0,0,0,0,0,-500,0,0,0,0,0,0,0,0,0,0,1,0,0,0,0,0,0,0
1139,,1,60,44,37,4,14,0,0,1047402611,-1,0,0,0,0,0,0,0,0,0,0,0,0,0,0,0,0,0,0,0,0,0,0,0,0,0,0,-500,0,0,0,0,0,0,0,0,0,0,0,1,0,0,0,0,0,0
1140,,1,60,45,37,4,14,0,0,1057402601,-1,0,0,0,0,0,0,0,0,0,0,0,0,0,0,0,0,0,0,0,0,0,0,0,0,0,0,-500,0,0,0,0,0,0,0,0,0,0,0,0,1,0,0,0,0,0
1141,,1,60,42,38,4,14,0,0,1028402610,-1,0,0,0,0,1,0,0,0,0,0,0,0,0,0,0,0,0,0,0,0,0,0,0,0,0,106.06,-677.24,82.51,0,0,0,0,0,0,0,0,0,0,0,0,0,0,0,0,0
1142,,1,60,42,39,4,14,0,0,1029402600,-1,0,0,0,0,0,1,0,0,0,0,0,0,0,0,0,0,0,0,0,0,0,0,0,0,0,71.68,-696.74,-69.37,0,0,0,0,0,0,0,0,0,0,0,0,0,0,0,0,0
1143,,1,60,43,38,4,14,0,0,1038402610,-1,0,0,0,0,0,0,1,0,0,0,0,0,0,0,0,0,0,0,0,0,0,0,0,0,0,-60.51,-705.88,87.67,0,0,0,0,0,0,0,0,0,0,0,0,0,0,0,0,0
1144,,1,60,43,39,4,14,0,0,1039402600,-1,0,0,0,0,0,0,0,1,0,0,0,0,0,0,0,0,0,0,0,0,0,0,0,0,0,-105.33,-698.9,-91.64,0,0,0,0,0,0,0,0,0,0,0,0,0,0,0,0,0
1145,,1,60,42,39,4,14,0,0,1029402602,-1,0,0,0,0,0,0,0,0,0,0,0,0,0,0,0,0,0,0,0,0,0,0,0,0,0,71.68,-696.74,-69.37,0,0,0,0,0,1,0,0,0,0,0,0,0,0,0,0,0
1146,,1,60,43,38,4,14,0,0,1038402611,-1,0,0,0,0,0,0,0,0,0,0,0,0,0,0,0,0,0,0,0,0,0,0,0,0,0,-60.51,-705.88,87.67,0,0,0,0,0,0,1,0,0,0,0,0,0,0,0,0,0
1147,,1,60,43,39,4,14,0,0,1039402602,-1,0,0,0,0,0,0,0,0,0,0,0,0,0,0,0,0,0,0,0,0,0,0,0,0,0,-105.33,-698.9,-91.64,0,0,0,0,0,0,256,0,0,0,0,0,0,0,0,0,0
1148,,1,60,42,39,4,14,0,0,1029402601,-1,0,0,0,0,0,0,0,0,0,0,0,0,0,0,0,0,0,0,0,0,0,0,0,0,0,71.68,-696.74,-69.37,0,0,0,0,0,0,65536,0,0,0,0,0,0,0,0,0,0
1150,,1,60,43,36,4,14,0,0,1036402945,-1,0,0,0,0,0,0,0,0,0,0,0,0,0,0,1,1,1,1,0,0,0,0,0,0,0,-84,-608,-30,-145,0,0,0,0,0,0,0,0,0,0,0,0,0,0,0,0
1151,,1,60,43,37,4,14,0,0,1037402945,-1,0,0,0,0,0,0,0,0,0,0,0,0,0,0,1,1,1,1,0,0,0,0,0,0,0,-96,-775,94,-140,0,0,0,0,0,0,0,0,0,0,0,0,0,0,0,0
1152,,1,60,44,37,4,14,0,0,1047402945,-1,0,0,0,0,0,0,0,0,0,0,0,0,0,0,1,1,1,1,0,0,0,0,0,0,0,52,-705,97.36,170,0,0,0,0,0,0,0,0,0,0,0,0,0,0,0,0
1153,,1,60,45,37,4,14,0,0,1057402945,-1,0,0,0,0,0,0,0,0,0,0,0,0,0,0,1,1,1,1,0,0,0,0,0,0,0,28,-790,10,95,0,0,0,0,0,0,0,0,0,0,0,0,0,0,0,0
1155,,1,60,42,37,4,14,0,0,1027402990,-1,0,0,0,0,0,0,0,0,0,0,0,0,1,1,0,0,0,0,0,0,0,0,0,0,1,63.72,-770.41,104.47,0,0,0,0,0,0,0,0,0,0,0,0,0,0,0,0,0
1156,,1,60,43,37,4,14,0,0,1037402990,-1,0,0,0,0,0,0,0,0,0,0,0,0,1,1,0,0,0,0,0,0,0,0,0,0,1,-68.35,-748.14,-31.99,0,0,0,0,0,0,0,0,0,0,0,0,0,0,0,0,0
1157,,1,60,43,38,4,14,0,0,1038402990,-1,0,0,0,0,0,0,0,0,0,0,0,0,1,1,0,0,0,0,0,0,0,0,0,0,1,71.02,-705.03,107.58,0,0,0,0,0,0,0,0,0,0,0,0,0,0,0,0,0
1158,,1,60,44,38,4,14,0,0,1048402990,-1,0,0,0,0,0,0,0,0,0,0,0,0,1,1,0,0,0,0,0,0,0,0,0,0,1,11.61,-704.71,-107.4,0,0,0,0,0,0,0,0,0,0,0,0,0,0,0,0,0
1159,,1,60,45,37,4,14,0,0,1057402990,-1,0,0,0,0,0,0,0,0,0,0,0,0,1,1,0,0,0,0,0,0,0,0,0,0,1,-77.02,-758.62,-51.39,0,0,0,0,0,0,0,0,0,0,0,0,0,0,0,0,0
1160,,1,60,45,37,4,14,0,0,1057402992,-1,0,0,0,0,0,0,0,0,0,0,0,0,1,1,0,0,0,0,0,0,0,0,0,0,1,35.68,-764.48,-87.7,0,0,0,0,0,0,0,0,0,0,0,0,0,0,0,0,0
1161,,1,60,43,37,4,14,0,0,1037402991,-1,0,0,0,0,0,0,0,0,0,0,0,0,1,1,0,0,0,0,0,0,0,0,0,0,1,78.17,-769.36,-103.79,0,0,0,0,0,0,0,0,0,0,0,0,0,0,0,0,0
1162,,1,60,43,37,4,14,0,0,1037402992,-1,0,0,0,0,0,0,0,0,0,0,0,0,1,1,0,0,0,0,0,0,0,0,0,0,1,41.49,-768.84,13.05,0,0,0,0,0,0,0,0,0,0,0,0,0,0,0,0,0
1163,,1,60,43,37,4,14,0,0,1037402993,-1,0,0,0,0,0,0,0,0,0,0,0,0,1,1,0,0,0,0,0,0,0,0,0,0,1,53.61,-791.53,57.9,0,0,0,0,0,0,0,0,0,0,0,0,0,0,0,0,0
1164,,1,60,45,37,4,14,0,0,1057402993,-1,0,0,0,0,0,0,0,0,0,0,0,0,1,1,0,0,0,0,0,0,0,0,0,0,1,-87.28,-800.26,80.97,0,0,0,0,0,0,0,0,0,0,0,0,0,0,0,0,0
1165,,1,60,42,37,4,14,0,0,1027402502,-1,0,0,0,0,0,0,0,0,0,0,0,0,1,1,0,0,0,0,0,0,0,0,0,0,1,-8.046,-710.359,68.973,0,0,0,0,0,0,0,0,0,0,0,0,0,0,0,0,0
1170,,0,60,42,37,4,14,0,0,1027402599,-1,0,0,0,0,0,0,0,0,0,0,0,0,0,0,0,0,0,0,0,0,0,0,0,0,1,95.81,-745.39,-55.7,0,0,0,0,0,0,0,0,0,0,0,0,1,0,0,0,0
1171,,0,60,43,36,4,14,0,0,1036402599,-1,0,0,0,0,0,0,0,0,0,0,0,0,0,0,0,0,0,0,0,0,0,0,0,0,1,-91.67,-605.31,25.97,0,0,0,0,0,0,0,0,0,0,0,0,1,0,0,0,0
1172,,0,60,43,37,4,14,0,0,1037402599,-1,0,0,0,0,0,0,0,0,0,0,0,0,0,0,0,0,0,0,0,0,0,0,0,0,1,22.18,-788.82,53.62,0,0,0,0,0,0,0,0,0,0,0,0,1,0,0,0,0
1173,,0,60,43,38,4,14,0,0,1038402599,-1,0,0,0,0,0,0,0,0,0,0,0,0,0,0,0,0,0,0,0,0,0,0,0,0,1,-29.08,-715.4,37.37,0,0,0,0,0,0,0,0,0,0,0,0,1,0,0,0,0
1174,,0,60,44,36,4,14,0,0,1046402599,-1,0,0,0,0,0,0,0,0,0,0,0,0,0,0,0,0,0,0,0,0,0,0,0,0,1,78.02,-781.83,38.36,0,0,0,0,0,0,0,0,0,0,0,0,1,0,0,0,0
1175,,0,60,45,37,4,14,0,0,1057402599,-1,0,0,0,0,0,0,0,0,0,0,0,0,0,0,0,0,0,0,0,0,0,0,0,0,1,-27.83,-792.81,-27.25,0,0,0,0,0,0,0,0,0,0,0,0,1,0,0,0,0
1176,,0,60,45,38,4,14,0,0,1058402599,-1,0,0,0,0,0,0,0,0,0,0,0,0,0,0,0,0,0,0,0,0,0,0,0,0,1,-30.71,-657.09,-66.39,0,0,0,0,0,0,0,0,0,0,0,0,1,0,0,0,0
1180,,1,60,43,36,4,14,0,0,1036402602,-1,0,0,0,0,0,0,0,0,0,1,0,0,0,0,0,0,0,0,0,0,0,0,0,0,1,-94.91,-764.49,121.09,0,0,0,0,0,0,0,0,0,0,0,0,0,0,0,0,0
1181,,1,60,43,38,4,14,0,0,1038402601,-1,0,0,0,0,0,0,0,0,0,1,0,0,0,0,0,0,0,0,0,0,0,0,0,0,1,76.51,-724.54,-30.38,0,0,0,0,0,0,0,0,0,0,0,0,0,0,0,0,0
1182,,1,60,44,37,4,14,0,0,1047402604,-1,0,0,0,0,0,0,0,0,0,1,0,0,0,0,0,0,0,0,0,0,0,0,0,0,1,55.69,-804.885,35.04,0,0,0,0,0,0,0,0,0,0,0,0,0,0,0,0,0
1183,,1,60,44,39,4,14,0,0,1049402601,-1,0,0,0,0,0,0,0,0,0,1,0,0,0,0,0,0,0,0,0,0,0,0,0,0,1,0,-705.39,-115,0,0,0,0,0,0,0,0,0,0,0,0,0,0,0,0,0
1200,,0,60,43,36,4,14,0,0,1036402990,-1,0,0,0,0,0,0,0,0,0,0,0,0,0,0,0,0,0,0,0,0,0,0,0,0,1,-94.91,-764.49,121.09,0,0,0,0,0,0,0,0,0,0,0,0,0,1,1,1,257
1201,,0,60,43,38,4,14,0,0,1038402991,-1,0,0,0,0,0,0,0,0,0,0,0,0,0,0,0,0,0,0,0,0,0,0,0,0,1,76.51,-724.54,-30.38,0,0,0,0,0,0,0,0,0,0,0,0,0,1,1,1,257
1202,,0,60,44,37,4,14,0,0,1047402990,-1,0,0,0,0,0,0,0,0,0,0,0,0,0,0,0,0,0,0,0,0,0,0,0,0,1,55.69,-804.89,35.04,0,0,0,0,0,0,0,0,0,0,0,0,0,1,1,1,257
1210,,1,60,43,38,4,14,0,0,1038402992,-1,0,0,0,0,0,0,0,0,0,0,0,0,0,0,0,0,0,0,1,0,0,0,0,0,1,1.77,-741.33,-96.28,0,0,0,0,0,0,0,0,0,0,0,0,0,0,0,0,0
1211,,1,60,44,36,4,14,0,0,1046402991,-1,0,0,0,0,0,0,0,0,0,0,0,0,0,0,0,0,0,0,1,0,0,0,0,0,1,-59.33,-765.58,101.45,38,0,0,0,0,0,0,0,0,0,0,0,0,0,0,0,0
1212,,1,60,44,37,4,14,0,0,1047402991,-1,0,0,0,0,0,0,0,0,0,0,0,0,0,0,0,0,0,0,1,0,0,0,0,0,1,-25.42,-707.04,125.25,0,0,0,0,0,0,0,0,0,0,0,0,0,0,0,0,0
1213,,1,60,45,37,4,14,0,0,1057402991,-1,0,0,0,0,0,0,0,0,0,0,0,0,0,0,0,0,0,0,1,0,0,0,0,0,1,-67.97,-757.14,10.28,0,0,0,0,0,0,0,0,0,0,0,0,0,0,0,0,0
2100,,1,60,42,37,0,0,15,701,1042372999,2010,1,1,1,0,0,0,0,0,0,0,0,0,0,0,0,0,0,0,0,0,0,0,0,0,0,108,89,50,-55,0,1,0,0,0,65792,0,0,0,0,0,0,0,0,0,0
2101,,1,60,42,37,0,0,15,700,1042372998,2000,1,1,1,0,0,0,0,0,0,0,0,0,0,0,0,0,0,0,0,0,0,0,0,0,0,45,98,-107,70,0,1,0,0,0,65792,0,0,0,0,0,0,0,0,0,0
2103,,1,60,42,39,0,0,11,0,1042392999,2030,1,1,1,0,0,0,0,0,0,0,0,0,0,0,0,0,0,0,0,0,0,0,0,0,0,-30,192,-45,5,0,1,0,0,0,65792,0,0,0,0,0,0,0,0,0,0
2104,,1,60,43,36,0,0,15,0,1043362999,2040,1,1,1,0,0,0,0,0,0,0,0,0,0,0,0,0,0,0,0,0,0,0,0,0,0,-29,65,-49,180,0,1,0,0,0,65792,0,0,0,0,0,0,0,0,0,0
2106,,1,60,43,39,0,0,11,12,1043392999,2050,1,1,1,0,0,0,0,0,0,0,0,0,0,0,0,0,0,0,0,0,0,0,0,0,0,0,176,-77,0,0,1,0,0,0,65792,0,0,0,0,0,0,0,0,0,0
2107,,1,60,43,39,0,0,11,12,1043392998,2060,1,1,1,0,0,0,0,0,0,0,0,0,0,0,0,0,0,0,0,0,0,0,0,0,0,-24,198,111,40,0,1,0,0,0,65792,0,0,0,0,0,0,0,0,0,0
2108,,1,60,44,36,0,0,13,704,1044362999,2070,1,1,1,0,0,0,0,0,0,0,0,0,0,0,0,0,0,0,0,0,0,0,0,0,0,-22,79,-72,170,705,1,0,0,0,65792,0,0,0,0,0,0,0,0,0,0
2109,,1,60,44,37,0,0,13,0,1044372999,2080,1,1,1,0,0,0,0,0,0,0,0,0,0,0,0,0,0,0,0,0,0,0,0,0,0,75,30,-9,-135,0,1,0,0,0,65792,0,0,0,0,0,0,0,0,0,0
2110,,1,60,44,38,0,0,12,0,1044382999,2100,1,1,1,0,0,0,0,0,0,0,0,0,0,0,0,0,0,0,0,0,0,0,0,0,0,2,85,-13,44,0,1,0,0,0,65792,0,0,0,0,0,0,0,0,0,0
2111,,1,60,44,38,0,0,12,708,1044382998,2090,1,1,1,0,0,0,0,0,0,0,0,0,0,0,0,0,0,0,0,0,0,0,0,0,0,126,32,-70,55,0,1,0,0,0,65792,0,0,0,0,0,0,0,0,0,0
2112,,1,60,44,39,0,0,12,706,1044392999,2110,1,1,1,0,0,0,0,0,0,0,0,0,0,0,0,0,0,0,0,0,0,0,0,0,0,73,110,-64,-45,0,1,0,0,0,65792,0,0,0,0,0,0,0,0,0,0
2113,,1,60,45,36,0,0,13,0,1045362999,2120,1,1,1,0,0,0,0,0,0,0,0,0,0,0,0,0,0,0,0,0,0,0,0,0,0,-5,16,20,-180,0,1,0,0,0,65792,0,0,0,0,0,0,0,0,0,0
2114,,1,60,45,37,0,0,13,707,1045372999,2130,1,1,1,0,0,0,0,0,0,0,0,0,0,0,0,0,0,0,0,0,0,0,0,0,0,4,22,-68,62,0,1,0,0,0,65792,0,0,0,0,0,0,0,0,0,0
2116,,1,60,45,38,0,0,0,0,1045382999,2140,1,1,1,0,0,0,0,0,0,0,0,0,0,0,0,0,0,0,0,0,0,0,0,0,0,44,12,97,70,0,1,0,0,0,65792,0,0,0,0,0,0,0,0,0,0
2117,,1,60,45,39,0,0,0,0,1045392999,2150,1,1,1,0,0,0,0,0,0,0,0,0,0,0,0,0,0,0,0,0,0,0,0,0,0,-56,95,54,72,0,1,0,0,0,65792,0,0,0,0,0,0,0,0,0,0
2118,,0,60,43,38,0,0,0,0,1043382990,-1,0,0,0,0,0,0,0,0,0,0,0,0,0,0,0,0,0,0,0,0,0,0,0,0,0,-128,188,92,-130,0,0,0,0,0,0,0,0,0,0,0,0,0,0,0,0
2119,,0,60,43,39,0,0,0,0,1043392990,-1,0,0,0,0,0,0,0,0,0,0,0,0,0,0,0,0,0,0,0,0,0,0,0,0,0,0,176,-77,-140,0,0,0,0,0,0,0,0,0,0,0,0,0,0,0,0
2120,,1,60,42,38,0,0,11,702,1042382999,2020,1,1,1,0,0,0,0,0,0,0,0,0,0,0,0,0,0,0,0,0,0,0,0,0,0,53,143,-44,-55,703,1,0,0,0,65792,0,0,0,0,0,0,0,0,0,0
2121,,1,60,42,37,0,700,15,0,1042372601,-1,0,0,0,0,0,0,0,0,0,0,0,0,0,0,0,0,0,0,0,0,0,0,0,0,0,45,98,-107,70,0,0,1,1,0,0,0,0,0,0,0,0,0,0,0,0
2122,,1,60,42,37,0,701,15,0,1042372602,-1,0,0,0,0,0,0,0,0,0,0,0,0,0,0,0,0,0,0,0,0,0,0,0,0,0,108,89,50,-55,0,0,1,1,0,0,0,0,0,0,0,0,0,0,0,0
2123,,1,60,42,38,0,702,11,0,1042382601,-1,0,0,0,0,0,0,0,0,0,0,0,0,0,0,0,0,0,0,0,0,0,0,0,0,0,53,143,-44,-55,0,0,1,1,0,0,0,0,0,0,0,0,0,0,0,0
2124,,1,60,42,38,0,703,11,12,1042382602,-1,0,0,0,0,0,0,0,0,0,0,0,0,0,0,0,0,0,0,0,0,0,0,0,0,0,53,143,-44,-55,0,0,1,1,0,0,0,0,0,0,0,0,0,0,0,0
2125,,1,60,44,36,0,704,13,0,1044362601,-1,0,0,0,0,0,0,0,0,0,0,0,0,0,0,0,0,0,0,0,0,0,0,0,0,0,45,87,98,170,0,0,1,1,0,0,0,0,0,0,0,0,0,0,0,0
2126,,1,60,44,36,0,705,13,0,1044362602,-1,0,0,0,0,0,0,0,0,0,0,0,0,0,0,0,0,0,0,0,0,0,0,0,0,0,45,87,98,170,0,0,1,1,0,0,0,0,0,0,0,0,0,0,0,0
2127,,1,60,44,39,0,706,12,0,1044392601,-1,0,0,0,0,0,0,0,0,0,0,0,0,0,0,0,0,0,0,0,0,0,0,0,0,0,73,110,-64,-45,0,0,1,1,0,0,0,0,0,0,0,0,0,0,0,0
2128,,1,60,45,37,0,707,13,0,1045372601,-1,0,0,0,0,0,0,0,0,0,0,0,0,0,0,0,0,0,0,0,0,0,0,0,0,0,4,22,-68,62,0,0,1,1,0,0,0,0,0,0,0,0,0,0,0,0
2129,,1,60,44,38,0,708,0,0,1044382601,-1,0,0,0,0,0,0,0,0,0,0,0,0,0,0,0,0,0,0,0,0,0,0,0,0,0,126,32,-70,55,0,0,1,1,0,0,0,0,0,0,0,0,0,0,0,0
2190,,1,60,43,37,0,0,15,0,1043372950,-1,0,0,0,0,0,0,0,0,0,0,0,0,0,0,0,0,0,0,0,0,0,0,0,0,0,89.7,79.15,62.66,0,0,0,0,0,1,0,0,0,0,0,0,0,0,0,0,0
2300,,1,60,42,36,0,0,15,700,1042362980,-1,0,0,0,0,0,0,0,0,0,0,0,0,1,1,0,1,1,1,1,0,0,0,0,0,0,-74,92,62,-83,0,0,0,0,0,0,0,0,0,0,0,0,0,0,0,0
2301,,1,60,42,37,0,0,15,701,1042372980,-1,0,0,0,0,0,0,0,0,0,0,0,0,1,1,0,1,1,1,1,0,0,0,0,0,0,-66,159,44,142,0,0,0,0,0,0,0,0,0,0,0,0,0,0,0,0
2302,,1,60,42,38,0,0,11,702,1042382980,-1,0,0,0,0,0,0,0,0,0,0,0,0,1,1,0,1,1,1,1,0,0,0,0,0,0,-48,192,98.46,47,0,0,0,0,0,0,0,0,0,0,0,0,0,0,0,0
2305,,1,60,43,36,0,0,15,0,1043362980,-1,0,0,0,0,0,0,0,0,0,0,0,0,1,1,0,1,1,1,1,0,0,0,0,0,0,57,64,85,37,0,0,0,0,0,0,0,0,0,0,0,0,0,0,0,0
2306,,1,60,43,38,0,0,11,12,1043382980,-1,0,0,0,0,0,0,0,0,0,0,0,0,1,1,0,1,1,1,1,0,0,0,0,0,0,-86,188,32,-180,703,0,0,0,0,0,0,0,0,0,0,0,0,0,0,0
2307,,1,60,44,36,0,0,13,704,1044362980,-1,0,0,0,0,0,0,0,0,0,0,0,0,1,1,0,1,1,1,1,0,0,0,0,0,0,45,87,98,115,0,0,0,0,0,0,0,0,0,0,0,0,0,0,0,0
2308,,1,60,44,37,0,0,13,705,1044372980,-1,0,0,0,0,0,0,0,0,0,0,0,0,1,1,0,1,1,1,1,0,0,0,0,0,0,-52,87,-76,80,0,0,0,0,0,0,0,0,0,0,0,0,0,0,0,0
2309,,0,60,44,37,3,13,0,0,1047302935,-1,0,0,0,0,1,0,0,0,0,0,0,0,0,0,0,0,0,0,0,0,0,0,0,0,0,34.33,55.36,-58.97,-140,0,0,0,0,0,0,0,0,1,0,0,0,0,0,0,0
2310,,1,60,44,39,0,0,12,706,1044392980,-1,0,0,0,0,0,0,0,0,0,0,0,0,1,1,0,1,1,1,1,0,0,0,0,0,0,-72,153,44,30,0,0,0,0,0,0,0,0,0,0,0,0,0,0,0,0
2312,,1,60,45,37,0,0,13,707,1045372980,-1,0,0,0,0,0,0,0,0,0,0,0,0,1,1,0,1,1,1,1,0,0,0,0,0,0,86,24,4,90,0,0,0,0,0,0,0,0,0,0,0,0,0,0,0,0
2313,,1,60,45,38,0,0,0,0,1045382980,-1,0,0,0,0,0,0,0,0,0,0,0,0,1,1,0,1,1,1,1,0,0,0,0,0,0,39,35,-9,85,0,0,0,0,0,0,0,0,0,0,0,0,0,0,0,0
2314,,1,60,45,38,0,0,0,708,1045382981,-1,0,0,0,0,0,0,0,0,0,0,0,0,1,1,0,1,1,1,1,0,0,0,0,0,0,-86,58,81,-20,0,0,0,0,0,0,0,0,0,0,0,0,0,0,0,0
2315,,0,60,44,36,3,13,0,0,1046302935,-1,0,0,0,0,1,0,0,0,0,0,0,0,0,0,0,0,0,0,0,0,0,0,0,0,1,99.06,52.34,12.58,-10,0,0,0,0,0,0,0,0,1,0,0,0,0,0,0,0
2316,,0,60,44,37,3,13,0,0,1047302936,-1,0,0,0,0,1,0,0,0,0,0,0,0,0,0,0,0,0,0,0,0,0,0,0,0,1,72.97,50.38,39.88,135,0,0,0,0,0,0,0,0,1,0,0,0,0,0,0,0
2317,,0,60,44,37,3,13,0,0,1047302937,-1,0,0,0,0,1,0,0,0,0,0,0,0,0,0,0,0,0,0,0,0,0,0,0,0,1,-13.58,62.97,28.39,-165,0,0,0,0,0,0,0,0,1,0,0,0,0,0,0,0
2318,,0,60,45,37,3,13,0,0,1057302930,-1,0,0,0,0,1,0,0,0,0,0,0,0,0,0,0,0,0,0,0,0,0,0,0,0,1,-40.77,36.06,-83.51,152,0,0,0,0,0,0,0,0,1,0,0,0,0,0,0,0
2319,,0,60,45,37,3,13,0,0,1057302931,-1,0,0,0,0,1,0,0,0,0,0,0,0,0,0,0,0,0,0,0,0,0,0,0,0,1,49.5,28.71,46.28,102,0,0,0,0,0,0,0,0,1,0,0,0,0,0,0,0
2320,,0,60,45,37,3,13,0,0,1057302932,-1,0,0,0,0,1,0,0,0,0,0,0,0,0,0,0,0,0,0,0,0,0,0,0,0,1,25.51,34.23,-25.69,147,0,0,0,0,0,0,0,0,1,0,0,0,0,0,0,0
2321,,0,60,45,37,3,13,0,0,1057302933,-1,0,0,0,0,0,0,0,0,0,0,0,0,0,0,0,0,0,0,0,0,0,0,0,0,1,-112.99,39.32,-33.61,167,0,0,0,0,0,0,0,1,0,0,0,0,0,0,0,0
2322,,0,60,45,36,3,13,0,0,1056302500,-1,0,0,0,0,1,0,0,0,0,0,0,0,0,0,0,0,0,0,0,0,0,0,0,0,1,53.98,55.52,92.46,0,0,0,0,0,0,0,0,0,1,0,0,0,0,0,0,0
2350,,1,60,42,36,0,700,15,0,1042362600,-1,0,0,0,0,0,0,0,0,0,0,0,0,0,0,0,0,0,0,0,0,1,0,0,0,0,-74,92,62,-83,0,0,0,0,0,0,0,0,0,0,0,0,0,1,0,0
2351,,1,60,42,37,0,701,15,0,1042372600,-1,0,0,0,0,0,0,0,0,0,0,0,0,0,0,0,0,0,0,0,0,1,0,0,0,0,-66,159,44,142,0,0,0,0,0,0,0,0,0,0,0,0,0,1,0,0
2352,,1,60,42,38,0,702,11,0,1042382600,-1,0,0,0,0,0,0,0,0,0,0,0,0,0,0,0,0,0,0,0,0,1,0,0,0,0,-48,192,98.46,47,0,0,0,0,0,0,0,0,0,0,0,0,0,1,0,0
2356,,1,60,43,38,0,703,11,12,1043382600,-1,0,0,0,0,0,0,0,0,0,0,0,0,0,0,0,0,0,0,0,0,1,0,0,0,0,-86,188,32,-180,0,0,0,0,0,0,0,0,0,0,0,0,0,1,0,0
2357,,1,60,44,36,0,704,13,0,1044362600,-1,0,0,0,0,0,0,0,0,0,0,0,0,0,0,0,0,0,0,0,0,1,0,0,0,0,-22,79,-72,170,0,0,0,0,0,0,0,0,0,0,0,0,0,1,0,0
2358,,1,60,44,37,0,705,13,0,1044372600,-1,0,0,0,0,0,0,0,0,0,0,0,0,0,0,0,0,0,0,0,0,1,0,0,0,0,-52,87,-76,80,0,0,0,0,0,0,0,0,0,0,0,0,0,1,0,0
2360,,1,60,44,39,0,706,12,0,1044392600,-1,0,0,0,0,0,0,0,0,0,0,0,0,0,0,0,0,0,0,0,0,1,0,0,0,0,-72,153,44,30,0,0,0,0,0,0,0,0,0,0,0,0,0,1,0,0
2362,,1,60,45,37,0,707,13,0,1045372600,-1,0,0,0,0,0,0,0,0,0,0,0,0,0,0,0,0,0,0,0,0,1,0,0,0,0,86,24,4,90,0,0,0,0,0,0,0,0,0,0,0,0,0,1,0,0
2364,,1,60,45,38,0,708,0,0,1045382600,-1,0,0,0,0,0,0,0,0,0,0,0,0,0,0,0,0,0,0,0,0,1,0,0,0,0,-86,58,81,-20,0,0,0,0,0,0,0,0,0,0,0,0,0,1,0,0
2365,,0,60,44,39,0,0,0,0,1044392982,-1,0,0,0,0,0,0,0,0,0,0,0,0,0,0,0,0,0,0,0,0,0,0,0,0,0,19.462,135,44,35,0,0,0,0,0,0,0,0,0,0,0,0,0,0,0,0
2500,,1,60,42,36,0,0,15,0,1042362990,-1,0,0,0,0,0,0,0,0,1,1,0,0,0,0,0,0,0,0,0,0,0,0,0,0,1,26,79,-4,0,0,0,0,0,0,0,0,0,0,0,0,0,0,0,0,0
2502,,1,60,42,38,0,0,11,0,1042382990,-1,0,0,0,0,0,0,0,0,1,1,0,0,0,0,0,0,0,0,0,0,0,0,0,0,1,-54,191.93,21,0,0,0,0,0,0,0,0,0,0,0,0,0,0,0,0,0
2503,,1,60,43,36,0,0,15,0,1043362990,-1,0,0,0,0,0,0,0,0,1,1,0,0,0,0,0,0,0,0,0,0,0,0,0,0,1,88,64.81,-29,0,0,0,0,0,0,0,0,0,0,0,0,0,0,0,0,0
2504,,1,60,43,36,0,0,15,0,1043362991,-1,0,0,0,0,0,0,0,0,1,1,0,0,0,0,0,0,0,0,0,0,0,0,0,0,1,-75,64.81,88,0,0,0,0,0,0,0,0,0,0,0,0,0,0,0,0,0
2505,,1,60,43,37,0,0,15,0,1043372990,-1,0,0,0,0,0,0,0,0,1,1,0,0,0,0,0,0,0,0,0,0,0,0,0,0,1,17,86.31,-58,0,0,0,0,0,0,0,0,0,0,0,0,0,0,0,0,0
2506,,1,60,43,38,0,0,11,12,1043382991,-1,0,0,0,0,0,0,0,0,1,1,0,0,0,0,0,0,0,0,0,0,0,0,0,0,1,-84,131.22,-62,0,0,0,0,0,0,0,0,0,0,0,0,0,0,0,0,0
2507,,1,60,44,37,0,0,13,15,1044372990,-1,0,0,0,0,0,0,0,0,1,1,0,0,0,0,0,0,0,0,0,0,0,0,0,0,1,-53,69.24,64,0,0,0,0,0,0,0,0,0,0,0,0,0,0,0,0,0
2509,,1,60,44,39,0,0,12,0,1044392990,-1,0,0,0,0,0,0,0,0,1,1,0,0,0,0,0,0,0,0,0,0,0,0,0,0,1,-34,136.97,-22,45.87,0,0,0,0,0,0,0,0,0,0,0,0,0,0,0,0
2510,,1,60,43,37,5,15,0,0,1037502990,-1,0,0,0,0,0,0,0,0,1,1,0,0,0,0,0,0,0,0,0,0,0,0,0,0,1,36.38,89.4,41.32,0,0,0,0,0,0,0,0,0,0,0,0,0,0,0,0,0
2511,,1,60,45,39,0,0,0,0,1045392990,-1,0,0,0,0,0,0,0,0,1,1,0,0,0,0,0,0,0,0,0,0,0,0,0,0,1,82,97.26,18,0,0,0,0,0,0,0,0,0,0,0,0,0,0,0,0,0
2512,,1,60,45,36,0,0,13,0,1045362998,-1,0,0,0,0,0,0,0,0,1,1,0,0,0,0,0,0,0,0,0,0,0,0,0,0,1,-88,24.28,96,0,0,0,0,0,0,0,0,0,0,0,0,0,0,0,0,0
2513,,1,60,45,37,0,0,13,0,1045372998,-1,0,0,0,0,0,0,0,0,1,1,0,0,0,0,0,0,0,0,0,0,0,0,0,0,1,-90.47,20.61,96.33,0,0,0,0,0,0,0,0,0,0,0,0,0,0,0,0,0
2514,,0,60,44,36,3,13,0,0,1046302989,-1,0,0,0,0,0,0,0,0,1,1,0,0,0,0,0,0,0,0,0,0,0,0,0,0,1,48.9,47,91.35,0,0,0,0,0,0,0,0,0,0,0,0,0,0,0,0,0
2515,,0,60,45,37,3,13,0,0,1057302989,-1,0,0,0,0,0,0,0,0,1,1,0,0,0,0,0,0,0,0,0,0,0,0,0,0,1,-30.53,28.19,53.87,0,0,0,0,0,0,0,0,0,0,0,0,0,0,0,0,0
2516,,0,60,43,38,1,11,0,0,1038102990,-1,0,0,0,0,0,0,0,0,1,1,0,0,0,0,0,0,0,0,0,0,0,0,0,0,1,-26.54,177.21,35.82,0,0,0,0,0,0,0,0,0,0,0,0,0,0,0,0,0
2517,,0,60,43,39,2,12,0,0,1039202910,-1,0,0,0,0,0,0,0,0,1,1,0,0,0,0,0,0,0,0,0,0,0,0,0,0,1,88.99,108.531,96.707,0,0,0,0,0,0,0,0,0,0,0,0,0,0,0,0,0
2518,,1,60,42,39,0,0,11,0,1042392989,-1,0,0,0,0,0,0,0,0,1,1,0,0,0,0,0,0,0,0,0,0,0,0,0,0,1,-54.12,204.3,61.66,0,0,0,0,0,0,0,0,0,0,0,0,0,0,0,0,0
2519,,1,60,44,37,5,15,0,0,1047502990,-1,0,0,0,0,0,0,0,0,1,1,0,0,0,0,0,0,0,0,0,0,0,0,0,0,1,-53,69.24,64,0,0,0,0,0,0,0,0,0,0,0,0,0,0,0,0,0
2520,,0,60,42,36,0,0,15,0,1042362650,-1,0,0,0,0,0,0,0,0,0,0,0,0,0,0,0,0,0,0,0,0,0,0,0,0,1,26,79,-4,0,0,0,0,0,0,0,0,0,0,1,0,0,0,0,1,256
2521,,0,60,42,38,0,0,11,0,1042382650,-1,0,0,0,0,0,0,0,0,0,0,0,0,0,0,0,0,0,0,0,0,0,0,0,0,1,-54,191.93,21,0,0,0,0,0,0,0,0,0,0,1,0,0,0,0,1,256
2522,,0,60,43,36,0,0,15,0,1043362650,-1,0,0,0,0,0,0,0,0,0,0,0,0,0,0,0,0,0,0,0,0,0,0,0,0,1,88,64.81,-29,0,0,0,0,0,0,0,0,0,0,1,0,0,0,0,1,256
2523,,0,60,43,36,0,0,15,0,1043362652,-1,0,0,0,0,0,0,0,0,0,0,0,0,0,0,0,0,0,0,0,0,0,0,0,0,1,-75,64.81,88,0,0,0,0,0,0,0,0,0,0,1,0,0,0,0,1,256
2524,,0,60,43,37,0,0,15,0,1043372651,-1,0,0,0,0,0,0,0,0,0,0,0,0,0,0,0,0,0,0,0,0,0,0,0,0,1,17,86.31,-58,0,0,0,0,0,0,0,0,0,0,1,0,0,0,0,1,256
2525,,0,60,43,38,0,0,11,12,1043382650,-1,0,0,0,0,0,0,0,0,0,0,0,0,0,0,0,0,0,0,0,0,0,0,0,0,1,-84,131.22,-62,0,0,0,0,0,0,0,0,0,0,1,0,0,0,0,1,256
2526,,0,60,44,37,0,0,13,15,1044372650,-1,0,0,0,0,0,0,0,0,0,0,0,0,0,0,0,0,0,0,0,0,0,0,0,0,1,-53,69.24,64,0,0,0,0,0,0,0,0,0,0,1,0,0,0,0,1,256
2527,,0,60,44,39,0,0,12,0,1044392640,-1,0,0,0,0,0,0,0,0,0,0,0,0,0,0,0,0,0,0,0,0,0,0,0,0,1,-34,136.97,-22,45.87,0,0,0,0,0,0,0,0,0,1,0,0,0,0,1,256
2528,,0,60,45,39,0,0,0,0,1045392650,-1,0,0,0,0,0,0,0,0,0,0,0,0,0,0,0,0,0,0,0,0,0,0,0,0,1,82,97.26,18,0,0,0,0,0,0,0,0,0,0,1,0,0,0,0,1,256
2529,,0,60,45,36,0,0,13,0,1045362650,-1,0,0,0,0,0,0,0,0,0,0,0,0,0,0,0,0,0,0,0,0,0,0,0,0,1,-88,24.28,96,0,0,0,0,0,0,0,0,0,0,1,0,0,0,0,1,256
2530,,0,60,45,37,0,0,13,0,1045372650,-1,0,0,0,0,0,0,0,0,0,0,0,0,0,0,0,0,0,0,0,0,0,0,0,0,1,-90.47,20.61,96.33,0,0,0,0,0,0,0,0,0,0,1,0,0,0,0,1,256
2531,,0,60,44,36,3,13,0,0,1046302650,-1,0,0,0,0,0,0,0,0,0,0,0,0,0,0,0,0,0,0,0,0,0,0,0,0,1,48.9,47,91.35,0,0,0,0,0,0,0,0,0,0,1,0,0,0,0,1,256
2532,,0,60,45,37,3,13,0,0,1057302650,-1,0,0,0,0,0,0,0,0,0,0,0,0,0,0,0,0,0,0,0,0,0,0,0,0,1,-30.53,28.19,53.87,0,0,0,0,0,0,0,0,0,0,1,0,0,0,0,1,256
2533,,0,60,43,38,1,11,0,0,1038102650,-1,0,0,0,0,0,0,0,0,0,0,0,0,0,0,0,0,0,0,0,0,0,0,0,0,1,-26.54,177.21,35.82,0,0,0,0,0,0,0,0,0,0,1,0,0,0,0,1,0
2534,,0,60,43,39,2,12,0,0,1039202650,-1,0,0,0,0,0,0,0,0,0,0,0,0,0,0,0,0,0,0,0,0,0,0,0,0,1,88.99,108.531,96.707,0,0,0,0,0,0,0,0,0,0,1,0,0,0,0,1,256
2535,,0,60,44,37,5,15,0,0,1047502650,-1,0,0,0,0,0,0,0,0,0,0,0,0,0,0,0,0,0,0,0,0,0,0,0,0,1,-53,69.24,64,0,0,0,0,0,0,0,0,0,0,1,0,0,0,0,1,256
2536,,0,60,43,37,5,15,0,0,1037502650,-1,0,0,0,0,0,0,0,0,0,0,0,0,0,0,0,0,0,0,0,0,0,0,0,0,1,36.38,89.4,41.32,0,0,0,0,0,0,0,0,0,0,1,0,0,0,0,1,256
2540,,1,60,42,36,0,0,15,0,1042362995,-1,0,0,0,0,0,0,0,0,0,0,0,0,0,0,0,0,0,0,0,1,0,0,0,0,1,26,79,-4,0,0,0,0,0,0,0,0,0,0,0,0,0,0,0,0,0
2541,,1,60,42,38,0,0,11,0,1042382997,-1,0,0,0,0,0,0,0,0,0,0,0,0,0,0,0,0,0,0,0,1,0,0,0,0,1,-54,191.93,21,0,0,0,0,0,0,0,0,0,0,0,0,0,0,0,0,0
2542,,1,60,43,36,0,0,15,0,1043362996,-1,0,0,0,0,0,0,0,0,0,0,0,0,0,0,0,0,0,0,0,1,0,0,0,0,1,88,64.81,-29,0,0,0,0,0,0,0,0,0,0,0,0,0,0,0,0,0
2543,,1,60,43,36,0,0,15,0,1043362988,-1,0,0,0,0,0,0,0,0,0,0,0,0,0,0,0,0,0,0,0,1,0,0,0,0,1,-75,64.81,88,0,0,0,0,0,0,0,0,0,0,0,0,0,0,0,0,0
2544,,1,60,43,37,0,0,15,0,1043372988,-1,0,0,0,0,0,0,0,0,0,0,0,0,0,0,0,0,0,0,0,1,0,0,0,0,1,17,86.31,-58,0,0,0,0,0,0,0,0,0,0,0,0,0,0,0,0,0
2545,,1,60,43,38,0,0,11,12,1043382995,-1,0,0,0,0,0,0,0,0,0,0,0,0,0,0,0,0,0,0,0,1,0,0,0,0,1,-84,131.22,-62,0,0,0,0,0,0,0,0,0,0,0,0,0,0,0,0,0
2546,,1,60,44,37,0,0,13,15,1044372994,-1,0,0,0,0,0,0,0,0,0,0,0,0,0,0,0,0,0,0,0,1,0,0,0,0,1,-53,69.24,64,0,0,0,0,0,0,0,0,0,0,0,0,0,0,0,0,0
2547,,1,60,44,39,0,0,12,0,1044392995,-1,0,0,0,0,0,0,0,0,0,0,0,0,0,0,0,0,0,0,0,1,0,0,0,0,1,-34,136.97,-22,45.87,0,0,0,0,0,0,0,0,0,0,0,0,0,0,0,0
2548,,1,60,45,39,0,0,0,0,1045392995,-1,0,0,0,0,0,0,0,0,0,0,0,0,0,0,0,0,0,0,0,1,0,0,0,0,1,82,97.26,18,0,0,0,0,0,0,0,0,0,0,0,0,0,0,0,0,0
2549,,1,60,45,36,0,0,13,0,1045362988,-1,0,0,0,0,0,0,0,0,0,0,0,0,0,0,0,0,0,0,0,1,0,0,0,0,1,-88,24.28,96,0,0,0,0,0,0,0,0,0,0,0,0,0,0,0,0,0
2550,,1,60,45,37,0,0,13,0,1045372996,-1,0,0,0,0,0,0,0,0,0,0,0,0,0,0,0,0,0,0,0,1,0,0,0,0,1,-90.47,20.61,96.33,0,0,0,0,0,0,0,0,0,0,0,0,0,0,0,0,0
2551,,0,60,44,36,3,13,0,0,1046302980,-1,0,0,0,0,0,0,0,0,0,0,0,0,0,0,0,0,0,0,0,1,0,0,0,0,1,48.9,47,91.35,0,0,0,0,0,0,0,0,0,0,0,0,0,0,0,0,0
2552,,0,60,45,37,3,13,0,0,1057302980,-1,0,0,0,0,0,0,0,0,0,0,0,0,0,0,0,0,0,0,0,1,0,0,0,0,1,-30.53,28.19,53.87,0,0,0,0,0,0,0,0,0,0,0,0,0,0,0,0,0
2553,,0,60,43,38,1,11,0,0,1038102985,-1,0,0,0,0,0,0,0,0,0,0,0,0,0,0,0,0,0,0,0,1,0,0,0,0,1,-26.54,177.21,35.82,0,0,0,0,0,0,0,0,0,0,0,0,0,0,0,0,0
2554,,0,60,43,39,2,12,0,0,1039202980,-1,0,0,0,0,0,0,0,0,0,0,0,0,0,0,0,0,0,0,0,1,0,0,0,0,1,88.99,108.531,96.707,0,0,0,0,0,0,0,0,0,0,0,0,0,0,0,0,0
2555,,0,60,44,37,5,15,0,0,1047502994,-1,0,0,0,0,0,0,0,0,0,0,0,0,0,0,0,0,0,0,0,1,0,0,0,0,1,-53,69.24,64,0,0,0,0,0,0,0,0,0,0,0,0,0,0,0,0,0
2556,,0,60,43,37,5,15,0,0,1037502994,-1,0,0,0,0,0,0,0,0,0,0,0,0,0,0,0,0,0,0,0,1,0,0,0,0,1,36.38,89.4,41.32,0,0,0,0,0,0,0,0,0,0,0,0,0,0,0,0,0
2560,,0,60,42,36,0,0,15,0,1042362996,-1,0,0,0,0,0,0,0,0,0,0,0,0,0,0,1,0,0,0,0,0,0,0,0,0,1,26,79,-4,0,0,0,0,0,0,0,0,0,0,0,0,0,0,0,0,0
2561,,0,60,42,38,0,0,11,0,1042382998,-1,0,0,0,0,0,0,0,0,0,0,0,0,0,0,1,0,0,0,0,0,0,0,0,0,1,-54,191.93,21,0,0,0,0,0,0,0,0,0,0,0,0,0,0,0,0,0
2562,,0,60,43,36,0,0,15,0,1043362997,-1,0,0,0,0,0,0,0,0,0,0,0,0,0,0,1,0,0,0,0,0,0,0,0,0,1,88,64.81,-29,0,0,0,0,0,0,0,0,0,0,0,0,0,0,0,0,0
2563,,0,60,43,36,0,0,15,0,1043362989,-1,0,0,0,0,0,0,0,0,0,0,0,0,0,0,1,0,0,0,0,0,0,0,0,0,1,-75,64.81,88,0,0,0,0,0,0,0,0,0,0,0,0,0,0,0,0,0
2564,,0,60,43,37,0,0,15,0,1043372989,-1,0,0,0,0,0,0,0,0,0,0,0,0,0,0,1,0,0,0,0,0,0,0,0,0,1,17,86.31,-58,0,0,0,0,0,0,0,0,0,0,0,0,0,0,0,0,0
2565,,0,60,43,38,0,0,11,12,1043382996,-1,0,0,0,0,0,0,0,0,0,0,0,0,0,0,1,0,0,0,0,0,0,0,0,0,1,-84,131.22,-62,0,0,0,0,0,0,0,0,0,0,0,0,0,0,0,0,0
2566,,0,60,44,37,0,0,13,15,1044372995,-1,0,0,0,0,0,0,0,0,0,0,0,0,0,0,1,0,0,0,0,0,0,0,0,0,1,-53,69.24,64,0,0,0,0,0,0,0,0,0,0,0,0,0,0,0,0,0
2567,,0,60,44,39,0,0,12,0,1044392996,-1,0,0,0,0,0,0,0,0,0,0,0,0,0,0,1,0,0,0,0,0,0,0,0,0,1,-34,136.97,-22,45.87,0,0,0,0,0,0,0,0,0,0,0,0,0,0,0,0
2568,,0,60,45,39,0,0,0,0,1045392996,-1,0,0,0,0,0,0,0,0,0,0,0,0,0,0,1,0,0,0,0,0,0,0,0,0,1,82,97.26,18,0,0,0,0,0,0,0,0,0,0,0,0,0,0,0,0,0
2569,,0,60,45,36,0,0,13,0,1045362989,-1,0,0,0,0,0,0,0,0,0,0,0,0,0,0,1,0,0,0,0,0,0,0,0,0,1,-88,24.28,96,0,0,0,0,0,0,0,0,0,0,0,0,0,0,0,0,0
2570,,0,60,45,37,0,0,13,0,1045372997,-1,0,0,0,0,0,0,0,0,0,0,0,0,0,0,1,0,0,0,0,0,0,0,0,0,1,-90.47,20.61,96.33,0,0,0,0,0,0,0,0,0,0,0,0,0,0,0,0,0
2571,,0,60,44,36,3,13,0,0,1046302981,-1,0,0,0,0,0,0,0,0,0,0,0,0,0,0,1,0,0,0,0,0,0,0,0,0,1,48.9,47,91.35,0,0,0,0,0,0,0,0,0,0,0,0,0,0,0,0,0
2572,,0,60,45,37,3,13,0,0,1057302981,-1,0,0,0,0,0,0,0,0,0,0,0,0,0,0,1,0,0,0,0,0,0,0,0,0,1,-30.53,28.19,53.87,0,0,0,0,0,0,0,0,0,0,0,0,0,0,0,0,0
2573,,0,60,43,38,1,11,0,0,1038102986,-1,0,0,0,0,0,0,0,0,0,0,0,0,0,0,1,0,0,0,0,0,0,0,0,0,1,-26.54,177.21,35.82,0,0,0,0,0,0,0,0,0,0,0,0,0,0,0,0,0
2574,,0,60,43,39,2,12,0,0,1039202981,-1,0,0,0,0,0,0,0,0,0,0,0,0,0,0,1,0,0,0,0,0,0,0,0,0,1,88.99,108.531,96.707,0,0,0,0,0,0,0,0,0,0,0,0,0,0,0,0,0
2575,,0,60,44,38,0,0,12,0,1044382981,-1,0,0,0,0,0,0,0,0,0,0,0,0,0,0,0,0,0,0,0,0,0,0,0,0,1,2,85,-13,0,0,0,0,0,0,0,0,0,0,0,0,0,0,0,0,0
2576,,0,60,44,37,5,15,0,0,1047502995,-1,0,0,0,0,0,0,0,0,0,0,0,0,0,0,1,0,0,0,0,0,0,0,0,0,1,-53,69.24,64,0,0,0,0,0,0,0,0,0,0,0,0,0,0,0,0,0
2577,,0,60,43,37,5,15,0,0,1037502995,-1,0,0,0,0,0,0,0,0,0,0,0,0,0,0,1,0,0,0,0,0,0,0,0,0,1,36.38,89.4,41.32,0,0,0,0,0,0,0,0,0,0,0,0,0,0,0,0,0
2580,,0,60,42,36,0,0,15,0,1042362651,-1,0,0,0,0,0,0,0,0,0,0,0,0,0,0,0,0,0,0,0,0,0,0,0,0,1,26,79,-4,0,0,0,0,0,0,0,0,0,0,0,1,0,0,0,0,0
2581,,0,60,42,38,0,0,11,0,1042382651,-1,0,0,0,0,0,0,0,0,0,0,0,0,0,0,0,0,0,0,0,0,0,0,0,0,1,-54,191.93,21,0,0,0,0,0,0,0,0,0,0,0,1,0,0,0,0,0
2582,,0,60,43,36,0,0,15,0,1043362651,-1,0,0,0,0,0,0,0,0,0,0,0,0,0,0,0,0,0,0,0,0,0,0,0,0,1,88,64.81,-29,0,0,0,0,0,0,0,0,0,0,0,1,0,0,0,0,0
2583,,0,60,43,36,0,0,15,0,1043362653,-1,0,0,0,0,0,0,0,0,0,0,0,0,0,0,0,0,0,0,0,0,0,0,0,0,1,-75,64.81,88,0,0,0,0,0,0,0,0,0,0,0,1,0,0,0,0,0
2584,,0,60,43,37,0,0,15,0,1043372652,-1,0,0,0,0,0,0,0,0,0,0,0,0,0,0,0,0,0,0,0,0,0,0,0,0,1,17,86.31,-58,0,0,0,0,0,0,0,0,0,0,0,1,0,0,0,0,0
2585,,0,60,43,38,0,0,11,12,1043382651,-1,0,0,0,0,0,0,0,0,0,0,0,0,0,0,0,0,0,0,0,0,0,0,0,0,1,-84,131.22,-62,0,0,0,0,0,0,0,0,0,0,0,1,0,0,0,0,0
2586,,0,60,44,37,0,0,13,15,1044372651,-1,0,0,0,0,0,0,0,0,0,0,0,0,0,0,0,0,0,0,0,0,0,0,0,0,1,-53,69.24,64,0,0,0,0,0,0,0,0,0,0,0,1,0,0,0,0,0
2587,,0,60,44,39,0,0,12,0,1044392641,-1,0,0,0,0,0,0,0,0,0,0,0,0,0,0,0,0,0,0,0,0,0,0,0,0,1,-34,136.97,-22,45.87,0,0,0,0,0,0,0,0,0,0,1,0,0,0,0,0
2588,,0,60,45,39,0,0,0,0,1045392651,-1,0,0,0,0,0,0,0,0,0,0,0,0,0,0,0,0,0,0,0,0,0,0,0,0,1,82,97.26,18,0,0,0,0,0,0,0,0,0,0,0,1,0,0,0,0,0
2589,,0,60,45,36,0,0,13,0,1045362651,-1,0,0,0,0,0,0,0,0,0,0,0,0,0,0,0,0,0,0,0,0,0,0,0,0,1,-88,24.28,96,0,0,0,0,0,0,0,0,0,0,0,1,0,0,0,0,0
2590,,0,60,45,37,0,0,13,0,1045372651,-1,0,0,0,0,0,0,0,0,0,0,0,0,0,0,0,0,0,0,0,0,0,0,0,0,1,-90.47,20.61,96.33,0,0,0,0,0,0,0,0,0,0,0,1,0,0,0,0,0
2591,,0,60,44,36,3,13,0,0,1046302651,-1,0,0,0,0,0,0,0,0,0,0,0,0,0,0,0,0,0,0,0,0,0,0,0,0,1,48.9,47,91.35,0,0,0,0,0,0,0,0,0,0,0,1,0,0,0,0,0
2592,,0,60,45,37,3,13,0,0,1057302651,-1,0,0,0,0,0,0,0,0,0,0,0,0,0,0,0,0,0,0,0,0,0,0,0,0,1,-30.53,28.19,53.87,0,0,0,0,0,0,0,0,0,0,0,1,0,0,0,0,0
2593,,0,60,43,38,1,11,0,0,1038102651,-1,0,0,0,0,0,0,0,0,0,0,0,0,0,0,0,0,0,0,0,0,0,0,0,0,1,-26.54,177.21,35.82,0,0,0,0,0,0,0,0,0,0,0,1,0,0,0,0,0
2594,,0,60,43,39,2,12,0,0,1039202651,-1,0,0,0,0,0,0,0,0,0,0,0,0,0,0,0,0,0,0,0,0,0,0,0,0,1,88.99,108.531,96.707,0,0,0,0,0,0,0,0,0,0,0,1,0,0,0,0,0
2595,,0,60,44,37,5,15,0,0,1047502651,-1,0,0,0,0,0,0,0,0,0,0,0,0,0,0,0,0,0,0,0,0,0,0,0,0,1,-53,69.24,64,0,0,0,0,0,0,0,0,0,0,0,1,0,0,0,0,0
2596,,0,60,43,37,5,15,0,0,1037502651,-1,0,0,0,0,0,0,0,0,0,0,0,0,0,0,0,0,0,0,0,0,0,0,0,0,1,36.38,89.4,41.32,0,0,0,0,0,0,0,0,0,0,0,1,0,0,0,0,0
2601,,1,60,42,39,0,0,11,0,1042392900,-1,0,0,0,0,0,0,0,0,0,0,0,0,0,0,0,0,0,0,0,0,0,1,0,0,1,-125.4,222.28,-102.97,-146.98,0,0,0,0,0,0,0,0,0,0,0,0,1,0,0,0
2602,,1,60,43,37,0,0,15,0,1043372900,-1,0,0,0,0,0,0,0,0,0,0,0,0,0,0,0,0,0,0,0,0,0,1,0,0,1,-107.35,64.06,-74.35,-103.47,0,0,0,0,0,0,0,0,0,0,0,0,0,0,0,0
2603,,1,60,43,38,0,0,11,12,1043382900,-1,0,0,0,0,0,0,0,0,0,0,0,0,0,0,0,0,0,0,0,0,0,1,0,0,1,44.37,137.33,53.18,-10.11,0,0,0,0,0,0,0,0,0,0,0,0,1,0,0,0
2604,,1,60,43,39,0,0,11,12,1043392900,-1,0,0,0,0,0,0,0,0,0,0,0,0,0,0,0,0,0,0,0,0,0,1,0,0,1,99.79,101.23,82.09,-82.82,0,0,0,0,0,0,0,0,0,0,0,0,0,0,0,0
2605,,1,60,44,36,0,0,13,0,1044362900,-1,0,0,0,0,0,0,0,0,0,0,0,0,0,0,0,0,0,0,0,0,0,1,0,0,1,57.3,90.31,-26.55,88.75,0,0,0,0,0,0,0,0,0,0,0,0,0,0,0,0
2606,,1,60,44,38,0,0,12,0,1044382900,-1,0,0,0,0,0,0,0,0,0,0,0,0,0,0,0,0,0,0,0,0,0,1,0,0,1,73.22,84.52,82.15,-8.78,0,0,0,0,0,0,0,0,0,0,0,0,1,0,0,0
2607,,1,60,45,38,0,0,0,0,1045382900,-1,0,0,0,0,0,0,0,0,0,0,0,0,0,0,0,0,0,0,0,0,0,1,0,0,1,61.87,17.62,-109.62,2.61,0,0,0,0,0,0,0,0,0,0,0,0,1,0,0,0
2615,,1,60,42,36,0,180,15,0,1042362991,-1,0,0,0,0,0,0,0,1,0,0,0,0,0,0,0,0,0,0,0,0,0,0,0,0,1,111.35,64.99,-13.79,-88.61,0,0,0,0,0,0,0,0,0,0,0,0,0,0,0,0
2616,,1,60,42,36,0,180,15,0,1042362992,-1,0,0,0,0,0,0,0,1,0,0,0,0,0,0,0,0,0,0,0,0,0,0,0,0,1,-44.3,78.12,-17.62,-80,0,0,0,0,0,0,0,0,0,0,0,0,0,0,0,0
2617,,1,60,42,36,0,180,15,0,1042362993,-1,0,0,0,0,0,0,0,1,0,0,0,0,0,0,0,0,0,0,0,0,0,0,0,0,1,71.96,76.55,-115.42,180,0,0,0,0,0,0,0,0,0,0,0,0,0,0,0,0
2618,,1,60,42,37,0,180,15,0,1042372990,-1,0,0,0,0,0,0,0,1,0,0,0,0,0,0,0,0,0,0,0,0,0,0,0,0,1,-107.05,168.32,108.15,-60.98,0,0,0,0,0,0,0,0,0,0,0,0,0,0,0,0
2619,,1,60,42,37,0,180,15,0,1042372991,-1,0,0,0,0,0,0,0,1,0,0,0,0,0,0,0,0,0,0,0,0,0,0,0,0,1,21.34,106.29,46.81,-126.87,0,0,0,0,0,0,0,0,0,0,0,0,0,0,0,0
2620,,1,60,42,37,0,180,15,0,1042372992,-1,0,0,0,0,0,0,0,1,0,0,0,0,0,0,0,0,0,0,0,0,0,0,0,0,1,-22.42,107.74,-37.87,1,0,0,0,0,0,0,0,0,0,0,0,0,0,0,0,0
2621,,1,60,42,38,0,180,11,0,1042382991,-1,0,0,0,0,0,0,0,1,0,0,0,0,0,0,0,0,0,0,0,0,0,0,0,0,1,-64.07,178.87,-44.73,-29.19,0,0,0,0,0,0,0,0,0,0,0,0,0,0,0,0
2622,,1,60,42,38,0,180,11,0,1042382992,-1,0,0,0,0,0,0,0,1,0,0,0,0,0,0,0,0,0,0,0,0,0,0,0,0,1,-103,194,49.13,-130,0,0,0,0,0,0,0,0,0,0,0,0,0,0,0,0
2623,,1,60,42,38,0,180,11,0,1042382993,-1,0,0,0,0,0,0,0,1,0,0,0,0,0,0,0,0,0,0,0,0,0,0,0,0,1,34.33,155.71,36.93,-70.8,0,0,0,0,0,0,0,0,0,0,0,0,0,0,0,0
2624,,1,60,42,39,0,180,11,0,1042392990,-1,0,0,0,0,0,0,0,1,0,0,0,0,0,0,0,0,0,0,0,0,0,0,0,0,1,-49.79,205.63,78.24,-39.9,0,0,0,0,0,0,0,0,0,0,0,0,0,0,0,0
2625,,1,60,42,39,0,180,11,0,1042392991,-1,0,0,0,0,0,0,0,1,0,0,0,0,0,0,0,0,0,0,0,0,0,0,0,0,1,57.26,206.91,16.37,124,0,0,0,0,0,0,0,0,0,0,0,0,0,0,0,0
2626,,1,60,42,39,0,180,11,0,1042392992,-1,0,0,0,0,0,0,0,1,0,0,0,0,0,0,0,0,0,0,0,0,0,0,0,0,1,120.27,189.4,-84.36,-144.16,0,0,0,0,0,0,0,0,0,0,0,0,0,0,0,0
2627,,1,60,43,36,0,180,15,0,1043362992,-1,0,0,0,0,0,0,0,1,0,0,0,0,0,0,0,0,0,0,0,0,0,0,0,0,1,1.23,64.81,72.57,-167.31,0,0,0,0,0,0,0,0,0,0,0,0,0,0,0,0
2628,,1,60,43,36,0,180,15,0,1043362993,-1,0,0,0,0,0,0,0,1,0,0,0,0,0,0,0,0,0,0,0,0,0,0,0,0,1,113.45,64.81,57.68,92.11,0,0,0,0,0,0,0,0,0,0,0,0,0,0,0,0
2629,,1,60,43,36,0,180,15,0,1043362994,-1,0,0,0,0,0,0,0,1,0,0,0,0,0,0,0,0,0,0,0,0,0,0,0,0,1,59.18,66.28,-109.54,-158.81,0,0,0,0,0,0,0,0,0,0,0,0,0,0,0,0
2630,,1,60,43,37,0,180,15,0,1043372991,-1,0,0,0,0,0,0,0,1,0,0,0,0,0,0,0,0,0,0,0,0,0,0,0,0,1,119.14,89.27,-94.37,91.61,0,0,0,0,0,0,0,0,0,0,0,0,0,0,0,0
2631,,1,60,43,37,0,180,15,0,1043372992,-1,0,0,0,0,0,0,0,1,0,0,0,0,0,0,0,0,0,0,0,0,0,0,0,0,1,-42.25,84.92,-7.37,147.24,0,0,0,0,0,0,0,0,0,0,0,0,0,0,0,0
2632,,1,60,43,37,0,180,15,0,1043372993,-1,0,0,0,0,0,0,0,1,0,0,0,0,0,0,0,0,0,0,0,0,0,0,0,0,1,-88.09,100.38,104.64,-21.64,0,0,0,0,0,0,0,0,0,0,0,0,0,0,0,0
2633,,1,60,43,38,0,180,12,11,1043382992,-1,0,0,0,0,0,0,0,1,0,0,0,0,0,0,0,0,0,0,0,0,0,0,0,0,1,100.74,99.04,13.1,39.17,0,0,0,0,0,0,0,0,0,0,0,0,0,0,0,0
2634,,1,60,43,38,0,180,12,11,1043382993,-1,0,0,0,0,0,0,0,1,0,0,0,0,0,0,0,0,0,0,0,0,0,0,0,0,1,54.99,97.33,-94.64,96.33,0,0,0,0,0,0,0,0,0,0,0,0,0,0,0,0
2635,,1,60,43,38,0,180,12,11,1043382994,-1,0,0,0,0,0,0,0,1,0,0,0,0,0,0,0,0,0,0,0,0,0,0,0,0,1,-82.2,189.85,88.58,135.07,0,0,0,0,0,0,0,0,0,0,0,0,0,0,0,0
2636,,1,60,43,39,0,180,12,11,1043392991,-1,0,0,0,0,0,0,0,1,0,0,0,0,0,0,0,0,0,0,0,0,0,0,0,0,1,-110.69,219.68,109.7,-15.56,0,0,0,0,0,0,0,0,0,0,0,0,0,0,0,0
2637,,1,60,43,39,0,180,12,11,1043392992,-1,0,0,0,0,0,0,0,1,0,0,0,0,0,0,0,0,0,0,0,0,0,0,0,0,1,-71.81,202.39,-50.54,109.07,0,0,0,0,0,0,0,0,0,0,0,0,0,0,0,0
2638,,1,60,43,39,0,180,12,11,1043392993,-1,0,0,0,0,0,0,0,1,0,0,0,0,0,0,0,0,0,0,0,0,0,0,0,0,1,86.78,100.98,3.42,0,0,0,0,0,0,0,0,0,0,0,0,0,0,0,0,0
2639,,1,60,44,36,0,180,13,0,1044362990,-1,0,0,0,0,0,0,0,1,0,0,0,0,0,0,0,0,0,0,0,0,0,0,0,0,1,15.38,97.96,3.6,-156.39,0,0,0,0,0,0,0,0,0,0,0,0,0,0,0,0
2640,,1,60,44,36,0,180,13,0,1044362991,-1,0,0,0,0,0,0,0,1,0,0,0,0,0,0,0,0,0,0,0,0,0,0,0,0,1,-57.72,85.86,88.02,-160.62,0,0,0,0,0,0,0,0,0,0,0,0,0,0,0,0
2641,,1,60,44,36,0,180,13,0,1044362992,-1,0,0,0,0,0,0,0,1,0,0,0,0,0,0,0,0,0,0,0,0,0,0,0,0,1,-100.89,65.35,-50.86,-140.95,0,0,0,0,0,0,0,0,0,0,0,0,0,0,0,0
2642,,1,60,44,37,0,180,13,0,1044372991,-1,0,0,0,0,0,0,0,1,0,0,0,0,0,0,0,0,0,0,0,0,0,0,0,0,1,-82.64,80.52,-14.15,3.8,0,0,0,0,0,0,0,0,0,0,0,0,0,0,0,0
2643,,1,60,44,37,0,180,13,0,1044372992,-1,0,0,0,0,0,0,0,1,0,0,0,0,0,0,0,0,0,0,0,0,0,0,0,0,1,12.25,54.97,39.28,-56.71,0,0,0,0,0,0,0,0,0,0,0,0,0,0,0,0
2644,,1,60,44,37,0,180,13,0,1044372993,-1,0,0,0,0,0,0,0,1,0,0,0,0,0,0,0,0,0,0,0,0,0,0,0,0,1,87.25,32.84,103.81,100,0,0,0,0,0,0,0,0,0,0,0,0,0,0,0,0
2645,,1,60,44,38,0,180,12,0,1044382990,-1,0,0,0,0,0,0,0,1,0,0,0,0,0,0,0,0,0,0,0,0,0,0,0,0,1,-101.01,64.81,-15.03,47.69,0,0,0,0,0,0,0,0,0,0,0,0,0,0,0,0
2646,,1,60,44,38,0,180,12,0,1044382991,-1,0,0,0,0,0,0,0,1,0,0,0,0,0,0,0,0,0,0,0,0,0,0,0,0,1,-58.99,81.97,-109.43,170.87,0,0,0,0,0,0,0,0,0,0,0,0,0,0,0,0
2647,,1,60,44,38,0,180,12,0,1044382992,-1,0,0,0,0,0,0,0,1,0,0,0,0,0,0,0,0,0,0,0,0,0,0,0,0,1,13.31,121.12,107.03,-36.8,0,0,0,0,0,0,0,0,0,0,0,0,0,0,0,0
2648,,1,60,44,39,0,180,12,0,1044392991,-1,0,0,0,0,0,0,0,1,0,0,0,0,0,0,0,0,0,0,0,0,0,0,0,0,1,-85.49,141.04,-98.42,-169.91,0,0,0,0,0,0,0,0,0,0,0,0,0,0,0,0
2649,,1,60,44,39,0,180,12,0,1044392992,-1,0,0,0,0,0,0,0,1,0,0,0,0,0,0,0,0,0,0,0,0,0,0,0,0,1,-70.85,149.7,3.88,85.44,0,0,0,0,0,0,0,0,0,0,0,0,0,0,0,0
2650,,1,60,44,39,0,180,12,0,1044392993,-1,0,0,0,0,0,0,0,1,0,0,0,0,0,0,0,0,0,0,0,0,0,0,0,0,1,30.98,140.97,81.92,-44.2,0,0,0,0,0,0,0,0,0,0,0,0,0,0,0,0
2651,,1,60,45,36,0,180,13,0,1045362990,-1,0,0,0,0,0,0,0,1,0,0,0,0,0,0,0,0,0,0,0,0,0,0,0,0,1,90.27,31.64,113,16.1,0,0,0,0,0,0,0,0,0,0,0,0,0,0,0,0
2652,,1,60,45,36,0,180,13,0,1045362991,-1,0,0,0,0,0,0,0,1,0,0,0,0,0,0,0,0,0,0,0,0,0,0,0,0,1,-2.33,1.09,-68.37,-122.04,0,0,0,0,0,0,0,0,0,0,0,0,0,0,0,0
2653,,1,60,45,36,0,180,13,0,1045362992,-1,0,0,0,0,0,0,0,1,0,0,0,0,0,0,0,0,0,0,0,0,0,0,0,0,1,-106.83,28.59,40.46,-62.64,0,0,0,0,0,0,0,0,0,0,0,0,0,0,0,0
2654,,1,60,45,37,0,180,13,0,1045372990,-1,0,0,0,0,0,0,0,1,0,0,0,0,0,0,0,0,0,0,0,0,0,0,0,0,1,-82.28,21.47,-49.75,-169.57,0,0,0,0,0,0,0,0,0,0,0,0,0,0,0,0
2655,,1,60,45,37,0,180,13,0,1045372991,-1,0,0,0,0,0,0,0,1,0,0,0,0,0,0,0,0,0,0,0,0,0,0,0,0,1,-53.95,12.64,46.75,-135.46,0,0,0,0,0,0,0,0,0,0,0,0,0,0,0,0
2656,,1,60,45,37,0,180,13,0,1045372992,-1,0,0,0,0,0,0,0,1,0,0,0,0,0,0,0,0,0,0,0,0,0,0,0,0,1,41.95,20.35,16.53,156.26,0,0,0,0,0,0,0,0,0,0,0,0,0,0,0,0
2657,,1,60,45,38,0,180,0,0,1045382990,-1,0,0,0,0,0,0,0,1,0,0,0,0,0,0,0,0,0,0,0,0,0,0,0,0,1,-45.8,60.28,99.06,-30,0,0,0,0,0,0,0,0,0,0,0,0,0,0,0,0
2658,,1,60,45,38,0,180,0,0,1045382991,-1,0,0,0,0,0,0,0,1,0,0,0,0,0,0,0,0,0,0,0,0,0,0,0,0,1,112.6,14.06,48.65,131.52,0,0,0,0,0,0,0,0,0,0,0,0,0,0,0,0
2659,,1,60,45,38,0,180,0,0,1045382992,-1,0,0,0,0,0,0,0,1,0,0,0,0,0,0,0,0,0,0,0,0,0,0,0,0,1,-6.81,22.41,-101.21,139.03,0,0,0,0,0,0,0,0,0,0,0,0,0,0,0,0
2660,,1,60,45,39,0,180,0,0,1045392991,-1,0,0,0,0,0,0,0,1,0,0,0,0,0,0,0,0,0,0,0,0,0,0,0,0,1,-89.46,106.3,-21.93,134.12,0,0,0,0,0,0,0,0,0,0,0,0,0,0,0,0
2661,,1,60,45,39,0,180,0,0,1045392992,-1,0,0,0,0,0,0,0,1,0,0,0,0,0,0,0,0,0,0,0,0,0,0,0,0,1,1.06,90.2,-42.01,-74.7,0,0,0,0,0,0,0,0,0,0,0,0,0,0,0,0
2662,,1,60,45,39,0,180,0,0,1045392993,-1,0,0,0,0,0,0,0,1,0,0,0,0,0,0,0,0,0,0,0,0,0,0,0,0,1,-104.67,118.05,107.68,-9.85,0,0,0,0,0,0,0,0,0,0,0,0,0,0,0,0
2700,,0,60,42,36,0,0,15,0,1042362998,-1,0,0,0,0,0,0,0,0,0,0,0,0,0,0,0,0,0,0,0,0,0,0,0,0,1,57.51,95.49,75.78,0,0,0,0,0,0,0,0,0,0,0,0,0,0,0,0,0
2701,,0,60,42,39,0,0,11,0,1042392998,-1,0,0,0,0,0,0,0,0,0,0,0,0,0,0,0,0,0,0,0,0,0,0,0,0,1,80.95,211.87,-34.22,0,0,0,0,0,0,0,0,0,0,0,0,0,0,0,0,0
2702,,0,60,43,37,0,0,15,0,1043372998,-1,0,0,0,0,0,0,0,0,0,0,0,0,0,0,0,0,0,0,0,0,0,0,0,0,1,-46.9,77.54,-108.74,0,0,0,0,0,0,0,0,0,0,0,0,0,0,0,0,0
2703,,0,60,43,38,0,0,11,12,1043382999,-1,0,0,0,0,0,0,0,0,0,0,0,0,0,0,0,0,0,0,0,0,0,0,0,0,1,-5.19,125.07,-17.44,-8.79,0,0,0,0,0,0,0,0,0,0,0,0,0,0,0,0
2704,,0,60,44,36,0,0,13,0,1044362998,-1,0,0,0,0,0,0,0,0,0,0,0,0,0,0,0,0,0,0,0,0,0,0,0,0,1,-64.96,72.74,-3.8,0,0,0,0,0,0,0,0,0,0,0,0,0,0,0,0,0
2705,,0,60,44,36,0,0,13,0,1044362997,-1,0,0,0,0,0,0,0,0,0,0,0,0,0,0,0,0,0,0,0,0,0,0,0,0,1,100.92,81.4,-0.03,0,0,0,0,0,0,0,0,0,0,0,0,0,0,0,0,0
2706,,0,60,44,37,0,0,13,0,1044372998,-1,0,0,0,0,0,0,0,0,0,0,0,0,0,0,0,0,0,0,0,0,0,0,0,0,1,-68.03,74.66,94.38,0,0,0,0,0,0,0,0,0,0,0,0,0,0,0,0,0
2707,,0,60,44,39,0,0,12,0,1044392998,-1,0,0,0,0,0,0,0,0,0,0,0,0,0,0,0,0,0,0,0,0,0,0,0,0,1,-119.68,158.85,27.72,0,0,0,0,0,0,0,0,0,0,0,0,0,0,0,0,0
2708,,0,60,45,39,0,0,0,0,1045392998,-1,0,0,0,0,0,0,0,0,0,0,0,0,0,0,0,0,0,0,0,0,0,0,0,0,1,45.09,91.19,-24.49,0,0,0,0,0,0,0,0,0,0,0,0,0,0,0,0,0
2710,,0,60,42,36,0,0,15,0,1042362960,-1,0,0,0,0,0,0,0,0,0,0,0,0,0,0,0,0,0,0,0,0,0,0,0,0,1,56.585,95.082,71.43,0,0,0,0,0,0,0,0,0,0,0,0,1,0,0,0,0
2711,,0,60,42,39,0,0,11,0,1042392980,-1,0,0,0,0,0,0,0,0,0,0,0,0,0,0,0,0,0,0,0,0,0,0,0,0,1,49.952,205.115,-44.263,0,0,0,0,0,0,0,0,0,0,0,0,1,0,0,0,0
2712,,0,60,43,37,0,0,15,0,1043372960,-1,0,0,0,0,0,0,0,0,0,0,0,0,0,0,0,0,0,0,0,0,0,0,0,0,1,-50.232,77.275,-111.543,0,0,0,0,0,0,0,0,0,0,0,0,1,0,0,0,0
2713,,0,60,43,38,0,0,12,11,1043382960,-1,0,0,0,0,0,0,0,0,0,0,0,0,0,0,0,0,0,0,0,0,0,0,0,0,1,-8.949,124.893,-23.482,0,0,0,0,0,0,0,0,0,0,0,0,1,0,0,0,0
2714,,0,60,44,36,0,0,13,0,1044362960,-1,0,0,0,0,0,0,0,0,0,0,0,0,0,0,0,0,0,0,0,0,0,0,0,0,1,103.027,82.098,-6.618,0,0,0,0,0,0,0,0,0,0,0,0,1,0,0,0,0
2715,,0,60,44,36,0,0,13,0,1044362961,-1,0,0,0,0,0,0,0,0,0,0,0,0,0,0,0,0,0,0,0,0,0,0,0,0,1,-65.831,70.654,-26.795,0,0,0,0,0,0,0,0,0,0,0,0,1,0,0,0,0
2716,,0,60,44,37,0,0,13,0,1044372960,-1,0,0,0,0,0,0,0,0,0,0,0,0,0,0,0,0,0,0,0,0,0,0,0,0,1,-50.64,74.283,21.347,0,0,0,0,0,0,0,0,0,0,0,0,1,0,0,0,0
2717,,0,60,44,39,0,0,12,0,1044392970,-1,0,0,0,0,0,0,0,0,0,0,0,0,0,0,0,0,0,0,0,0,0,0,0,0,1,-120,-159.081,32.965,0,0,0,0,0,0,0,0,0,0,0,0,1,0,0,0,0
2718,,0,60,45,39,0,0,0,0,1045392970,-1,0,0,0,0,0,0,0,0,0,0,0,0,0,0,0,0,0,0,0,0,0,0,0,0,1,44.291,91.859,-22.021,0,0,0,0,0,0,0,0,0,0,0,0,1,0,0,0,0
2750,,1,60,42,36,0,0,15,0,1042362994,-1,0,0,0,0,0,0,1,0,0,0,0,0,0,0,0,0,0,0,0,0,0,0,0,0,1,93.28,75.15,-111.43,112.75,0,0,0,0,0,1,0,0,0,0,0,0,0,0,0,0
2751,,1,60,42,38,0,0,11,0,1042382994,-1,0,0,0,0,0,0,0,0,0,0,0,0,0,0,0,0,0,0,0,0,0,0,0,0,1,-46.23,172.74,-77.53,147.45,0,0,0,0,0,0,0,0,0,0,0,0,0,0,0,0
2752,,1,60,42,38,0,0,11,0,1042382995,-1,0,0,0,0,0,0,0,0,0,0,0,0,0,0,0,0,0,0,0,0,0,0,0,0,1,-112.69,197.39,82.2,-38.99,0,0,0,0,0,0,0,0,0,0,0,0,0,0,0,0
2753,,1,60,42,38,0,0,11,0,1042382996,-1,0,0,0,0,0,0,1,0,0,0,0,0,0,0,0,0,0,0,0,0,0,0,0,0,1,94.25,184.18,65.8,36.05,0,0,0,0,0,1,0,0,0,0,0,0,0,0,0,0
2754,,1,60,42,39,0,0,11,0,1042392993,-1,0,0,0,0,0,0,1,0,0,0,0,0,0,0,0,0,0,0,0,0,0,0,0,0,1,16.55,206.81,59.36,24.56,0,0,0,0,0,1,0,0,0,0,0,0,0,0,0,0
2755,,1,60,43,36,0,0,15,0,1043362995,-1,0,0,0,0,0,0,1,0,0,0,0,0,0,0,0,0,0,0,0,0,0,0,0,0,1,57,64,85,37,0,0,0,0,0,1,0,0,0,0,0,0,0,0,0,0
2756,,1,60,43,37,0,0,15,0,1043372994,-1,0,0,0,0,0,1,0,0,0,0,0,0,0,0,0,0,0,0,0,0,0,0,0,0,1,37.57,125.31,62.69,-176.69,0,0,0,0,0,0,0,0,0,0,0,0,0,0,0,0
2757,,1,60,43,37,0,0,15,0,1043372995,-1,0,0,0,1,0,0,0,0,0,0,0,0,0,0,0,0,0,0,0,0,0,0,0,0,1,37.57,125.31,62.69,-176.69,0,0,0,0,0,0,0,0,0,0,0,0,0,0,0,0
2758,,1,60,43,39,0,0,12,11,1043392994,-1,0,0,0,0,0,0,1,0,0,0,0,0,0,0,0,0,0,0,0,0,0,0,0,0,1,-124.81,219.86,19.15,-23.01,0,0,0,0,0,1,0,0,0,0,0,0,0,0,0,0
2759,,1,60,43,39,0,0,12,11,1043392995,-1,0,0,0,0,0,0,1,0,0,0,0,0,0,0,0,0,0,0,0,0,0,0,0,0,1,84.86,106.27,-167.25,179.62,0,0,0,0,0,1,0,0,0,0,0,0,0,0,0,0
2760,,1,60,44,38,0,0,12,0,1044382993,-1,0,0,0,0,0,0,1,0,0,0,0,0,0,0,0,0,0,0,0,0,0,0,0,0,1,-49.54,94.77,55.63,80.73,0,0,0,0,0,1,0,0,0,0,0,0,0,0,0,0
2761,,1,60,44,39,0,0,12,0,1044392994,-1,0,0,0,0,0,0,1,0,0,0,0,0,0,0,0,0,0,0,0,0,0,0,0,0,1,79.16,124.65,50.83,86.47,0,0,0,0,0,1,0,0,0,0,0,0,0,0,0,0
2762,,1,60,45,36,0,0,13,0,1045362993,-1,0,0,0,0,0,0,1,0,0,0,0,0,0,0,0,0,0,0,0,0,0,0,0,0,1,-102.93,35.32,-46.38,-125.53,0,0,0,0,0,1,0,0,0,0,0,0,0,0,0,0
2763,,1,60,45,37,0,0,13,0,1045372993,-1,0,0,0,0,0,0,1,0,0,0,0,0,0,0,0,0,0,0,0,0,0,0,0,0,1,22.18,18.69,117.69,98.71,0,0,0,0,0,1,0,0,0,0,0,0,0,0,0,0
2800,,0,60,42,36,0,0,15,0,1042362989,-1,0,0,0,0,0,0,0,0,0,1,0,0,0,0,0,0,0,0,0,0,0,0,0,0,1,26,79,-4,0,0,0,0,0,0,0,0,0,0,0,0,0,0,0,0,0
2801,,0,60,42,38,0,0,11,0,1042382989,-1,0,0,0,0,0,0,0,0,0,1,0,0,0,0,0,0,0,0,0,0,0,0,0,0,1,-54,191.93,21,0,0,0,0,0,0,0,0,0,0,0,0,0,0,0,0,0
2802,,0,60,43,36,0,0,15,0,1043362900,-1,0,0,0,0,0,0,0,0,0,1,0,0,0,0,0,0,0,0,0,0,0,0,0,0,1,88,64.81,-29,0,0,0,0,0,0,0,0,0,0,0,0,0,0,0,0,0
2803,,0,60,43,36,0,0,15,0,1043362901,-1,0,0,0,0,0,0,0,0,0,1,0,0,0,0,0,0,0,0,0,0,0,0,0,0,1,-75,64.81,88,0,0,0,0,0,0,0,0,0,0,0,0,0,0,0,0,0
2804,,0,60,43,37,0,0,15,0,1043372970,-1,0,0,0,0,0,0,0,0,0,1,0,0,0,0,0,0,0,0,0,0,0,0,0,0,1,17,86.31,-58,0,0,0,0,0,0,0,0,0,0,0,0,0,0,0,0,0
2805,,0,60,43,38,0,0,11,12,1043382970,-1,0,0,0,0,0,0,0,0,0,1,0,0,0,0,0,0,0,0,0,0,0,0,0,0,1,-84,131.22,-62,0,0,0,0,0,0,0,0,0,0,0,0,0,0,0,0,0
2806,,0,60,44,37,0,0,13,15,1044372989,-1,0,0,0,0,0,0,0,0,0,1,0,0,0,0,0,0,0,0,0,0,0,0,0,0,1,-53,69.24,64,0,0,0,0,0,0,0,0,0,0,0,0,0,0,0,0,0
2807,,0,60,44,39,0,0,12,0,1044392989,-1,0,0,0,0,0,0,0,0,0,1,0,0,0,0,0,0,0,0,0,0,0,0,0,0,1,-34,136.97,-22,45.87,0,0,0,0,0,0,0,0,0,0,0,0,0,0,0,0
2808,,0,60,45,39,0,0,0,0,1045392980,-1,0,0,0,0,0,0,0,0,0,1,0,0,0,0,0,0,0,0,0,0,0,0,0,0,1,82,97.26,18,0,0,0,0,0,0,0,0,0,0,0,0,0,0,0,0,0
2809,,0,60,45,36,0,0,13,0,1045362980,-1,0,0,0,0,0,0,0,0,0,1,0,0,0,0,0,0,0,0,0,0,0,0,0,0,1,-88,24.28,96,0,0,0,0,0,0,0,0,0,0,0,0,0,0,0,0,0
2810,,0,60,45,37,0,0,13,0,1045372995,-1,0,0,0,0,0,0,0,0,0,1,0,0,0,0,0,0,0,0,0,0,0,0,0,0,1,-90.47,20.61,96.33,0,0,0,0,0,0,0,0,0,0,0,0,0,0,0,0,0
2811,,0,60,44,36,3,13,0,0,1046302990,-1,0,0,0,0,0,0,0,0,0,1,0,0,0,0,0,0,0,0,0,0,0,0,0,0,1,48.9,47,91.35,0,0,0,0,0,0,0,0,0,0,0,0,0,0,0,0,0
2812,,0,60,45,37,3,13,0,0,1057302990,-1,0,0,0,0,0,0,0,0,0,1,0,0,0,0,0,0,0,0,0,0,0,0,0,0,1,-30.53,28.19,53.87,0,0,0,0,0,0,0,0,0,0,0,0,0,0,0,0,0
2813,,0,60,43,38,1,11,0,0,1038102989,-1,0,0,0,0,0,0,0,0,0,1,0,0,0,0,0,0,0,0,0,0,0,0,0,0,1,-26.54,177.21,35.82,0,0,0,0,0,0,0,0,0,0,0,0,0,0,0,0,0
2814,,0,60,43,39,2,12,0,0,1039202911,-1,0,0,0,0,0,0,0,0,0,1,0,0,0,0,0,0,0,0,0,0,0,0,0,0,1,88.99,108.531,96.707,0,0,0,0,0,0,0,0,0,0,0,0,0,0,0,0,0
2815,,0,60,42,39,0,0,11,0,1042392988,-1,0,0,0,0,0,0,0,0,0,1,0,0,0,0,0,0,0,0,0,0,0,0,0,0,1,-54.12,204.3,61.66,0,0,0,0,0,0,0,0,0,0,0,0,0,0,0,0,0
2816,,0,60,44,37,5,15,0,0,1047502989,-1,0,0,0,0,0,0,0,0,0,1,0,0,0,0,0,0,0,0,0,0,0,0,0,0,1,-53,69.24,64,0,0,0,0,0,0,0,0,0,0,0,0,0,0,0,0,0
2817,,0,60,43,37,5,15,0,0,1037502989,-1,0,0,0,0,0,0,0,0,0,1,0,0,0,0,0,0,0,0,0,0,0,0,0,0,1,36.38,89.4,41.32,0,0,0,0,0,0,0,0,0,0,0,0,0,0,0,0,0
